chr	mb	cm
1	257609	2.934
1	303123	1.705
1	350867	0.000
1	776972	12.244
1	782365	9.111
1	882629	11.368
1	1022152	13.550
1	1036260	14.719
1	1036748	13.993
1	1226840	22.585
1	1335410	20.232
1	1469780	23.677
1	1606106	22.973
1	1779810	23.389
1	1801278	24.131
1	2119835	24.101
1	2249798	23.645
1	2365368	24.883
1	2466779	21.826
1	2482613	23.677
1	2527070	23.704
1	2657288	23.612
1	3174417	23.592
1	3320094	24.131
1	3353805	24.530
1	3624615	23.164
1	3819369	25.401
1	4157034	27.365
1	4614137	26.167
1	4984270	26.876
1	5646654	29.966
1	5783758	36.186
1	5898268	35.840
1	9008291	34.801
1	11298546	33.550
1	13799139	38.621
1	13834239	31.833
1	15483555	35.144
1	16555206	34.502
1	16810353	36.430
1	16938076	30.687
1	17686454	34.927
1	17696773	32.350
1	21329779	35.144
1	21877195	33.822
1	22877824	32.573
1	23393987	29.477
1	23535874	35.010
1	23974441	35.215
1	25346441	35.062
1	26060409	33.422
1	26163921	35.144
1	28013188	32.178
1	28149174	35.144
1	28594216	39.981
1	31043454	34.815
1	32387518	34.822
1	33509108	33.978
1	35870556	34.385
1	40909676	31.588
1	41406578	38.462
1	41422022	35.144
1	46593213	28.994
1	47133664	35.075
1	48158782	32.718
1	49146271	35.144
1	49862078	31.370
1	51263952	35.513
1	51712879	35.075
1	52108384	33.108
1	55419271	38.249
1	56247750	34.827
1	56768627	44.770
1	57245433	35.075
1	58398259	34.787
1	58935309	35.521
1	60475068	35.061
1	63870286	34.831
1	63962881	35.018
1	64805902	35.144
1	64899860	37.358
1	65176235	35.442
1	65280038	35.997
1	65384784	34.614
1	66136393	35.373
1	66311952	36.644
1	66715706	34.648
1	67037367	39.088
1	67512176	36.943
1	67592188	39.482
1	67795797	37.721
1	68669405	40.642
1	69007303	42.056
1	69087586	41.579
1	69470463	43.717
1	69497129	42.909
1	69624839	44.104
1	69761607	42.693
1	70106261	46.157
1	70156627	47.097
1	70237796	50.691
1	70295805	49.176
1	70961518	50.519
1	71027609	49.252
1	71124986	49.237
1	71295578	48.238
1	71391093	50.909
1	71658754	49.085
1	71827571	53.252
1	71973293	49.513
1	72069260	49.876
1	72126848	49.971
1	72179133	49.204
1	72426442	48.518
1	72509073	49.237
1	72705216	49.176
1	72895110	50.176
1	72900264	50.177
1	73559725	47.788
1	73560244	50.152
1	73569661	49.204
1	73726157	52.665
1	73772356	50.592
1	73881083	50.355
1	74270225	49.172
1	74589830	51.294
1	74773151	50.090
1	75030332	49.204
1	75175643	51.667
1	75268911	51.977
1	75582230	57.024
1	75715793	58.833
1	75894059	55.777
1	76477216	58.439
1	76522713	66.140
1	76529720	60.254
1	76600110	64.278
1	76648556	62.089
1	76719617	61.015
1	76724098	62.745
1	76794569	63.575
1	76849988	65.021
1	76895068	70.445
1	77033437	68.543
1	77082044	68.077
1	77298759	69.202
1	77377734	69.065
1	77847218	71.810
1	77958354	76.672
1	78199116	76.789
1	78214679	77.936
1	78353366	78.423
1	78436133	81.070
1	78442744	81.141
1	78574096	82.304
1	78737639	83.336
1	78788109	83.850
1	79320515	90.247
1	79357567	90.247
1	79363821	88.144
1	79413952	88.770
1	79459758	88.832
1	79618494	90.794
1	79958166	93.754
1	80067688	95.300
1	80084888	94.765
1	80278335	96.916
1	80797612	100.214
1	81429728	103.766
1	81670760	106.546
1	81714716	107.717
1	82279335	110.542
1	82290077	110.384
1	82476772	108.945
1	82555439	111.394
1	82626317	112.686
1	82703454	113.350
1	82756655	114.304
1	82833501	114.521
1	82911382	114.633
1	82991289	115.733
1	83013364	115.344
1	83257638	117.780
1	83262335	117.401
1	83456646	117.593
1	83766747	117.439
1	83839778	119.285
1	83981998	120.527
1	84051297	118.751
1	84202389	122.530
1	84886889	121.801
1	84957441	124.624
1	84979233	125.124
1	84991090	121.893
1	85086537	124.172
1	85270637	125.647
1	85357241	123.482
1	85415640	126.592
1	85734058	128.452
1	85744479	128.973
1	85751385	128.453
1	85757724	128.453
1	85830398	128.453
1	85920240	129.114
1	85985290	127.901
1	86031876	130.218
1	86104563	131.341
1	86248406	134.953
1	86403735	136.978
1	86403785	136.941
1	86588532	138.235
1	86940830	136.430
1	87346925	138.597
1	87422719	138.677
1	87531736	138.597
1	87547806	137.881
1	87789581	139.569
1	87798494	139.590
1	87956011	142.318
1	88051532	143.667
1	88065932	145.143
1	88182513	146.268
1	88188046	145.117
1	88530109	149.457
1	88690261	147.810
1	88844999	148.543
1	88870284	148.951
1	89442801	151.647
1	89476782	151.577
1	89695024	151.780
1	90002951	153.709
1	90108665	153.657
2	1514550	2.346
2	2280224	1.540
2	3154444	3.853
2	4623857	2.475
2	9586818	4.375
2	12277544	2.976
2	12445054	1.742
2	15993856	2.426
2	18518898	3.239
2	18717224	3.245
2	19497797	2.724
2	19637200	1.948
2	21280857	1.118
2	21310936	0.000
2	21311265	1.018
2	21673909	6.416
2	21761982	5.706
2	22974701	2.887
2	24020832	4.078
2	25075729	3.709
2	27429541	4.723
2	28751988	12.045
2	29792128	14.887
2	30145525	15.771
2	30333715	16.753
2	30415781	16.102
2	30528079	16.142
2	31137954	19.351
2	31196437	23.041
2	31792652	22.189
2	31942052	24.052
2	32072493	21.099
2	32184924	26.019
2	32277637	26.450
2	32277926	24.917
2	32490673	28.647
2	32523020	28.133
2	32529571	29.177
2	32593348	30.621
2	32835780	34.072
2	32837805	35.109
2	32900078	35.540
2	32938016	35.311
2	32978525	35.536
2	32980013	36.490
2	33266574	37.940
2	33338587	38.813
2	33538343	39.747
2	33805830	44.186
2	33806072	40.847
2	33918688	42.339
2	33968997	43.093
2	34017903	42.052
2	34056574	42.480
2	34413459	43.342
2	34754487	46.272
2	34778595	47.034
2	34800197	45.592
2	34958914	48.446
2	34976192	49.407
2	35325464	53.773
2	35365697	53.334
2	35369124	53.360
2	35661962	51.822
2	36024102	57.576
2	36077664	56.982
2	36108184	56.515
2	36168027	61.066
2	36234723	58.071
2	36443787	59.745
2	36819521	60.534
2	37090017	64.793
2	37435987	66.855
2	37461252	68.063
2	37590092	69.774
2	37684727	70.814
2	37719318	63.909
2	37723762	72.080
2	37767263	74.019
2	37767435	76.126
2	37905762	71.792
2	38125282	77.521
2	38127220	78.031
2	38133440	77.931
2	38575021	79.866
2	38855898	82.530
2	38908752	81.847
2	39155721	81.199
2	39294725	81.920
2	39295121	79.473
2	39318672	81.854
2	39396273	81.927
2	39415367	82.993
2	39665865	85.407
2	39806061	85.915
2	39811660	85.677
2	39903517	85.534
2	39983752	85.903
2	40196888	87.281
2	40437671	86.341
2	40437697	86.572
2	40437697	86.632
2	40610953	88.723
2	40624939	84.464
2	40791685	87.731
2	40861416	86.541
2	41111025	89.157
2	41129157	88.296
2	41208626	89.660
2	41285289	90.377
2	41293957	91.539
2	41381539	90.439
2	41465958	92.005
2	41617628	91.336
2	41641384	91.415
2	42082428	93.115
2	42082881	92.679
2	42257111	96.873
2	42293385	94.392
2	42294640	94.482
2	42498909	96.493
2	42820098	95.941
2	42851568	95.515
2	42996583	98.503
2	43214388	97.323
2	43528761	99.531
2	44015230	101.550
2	44043322	101.201
2	44071725	102.512
2	44137490	105.049
2	44138708	104.283
2	44138717	104.441
2	44253209	109.522
2	44253330	105.832
2	44271836	103.784
2	44312370	112.752
2	44323367	105.475
2	44464850	107.565
2	44637486	108.402
2	44676210	111.776
2	45040289	116.931
2	45134548	116.129
2	45223322	120.672
2	45348299	119.609
2	45379839	127.092
2	45552955	124.231
2	45580137	122.093
2	45672138	123.125
2	45680466	134.663
2	45731452	123.149
2	45807448	122.997
2	46007383	123.698
2	46088305	124.942
2	46183668	125.919
2	46434700	129.472
2	46761274	130.946
2	47037420	132.801
2	47153396	132.163
2	47968139	139.344
2	48266264	144.096
2	48412941	146.225
2	48455490	147.576
2	48490914	148.817
2	48549401	162.611
2	48631444	151.900
2	48853092	154.130
2	48968771	155.127
2	49027153	155.143
2	49181607	155.555
2	49260919	156.676
2	49463148	158.361
2	49526839	157.510
2	49531542	156.927
2	49596977	156.951
2	49596987	156.987
2	49610918	156.927
3	44712	0.000
3	224947	5.150
3	227131	5.635
3	386809	4.421
3	422829	7.149
3	493439	7.149
3	924708	15.745
3	1325104	27.735
3	1384079	24.428
3	1473421	29.945
3	1691185	33.661
3	1783682	35.640
3	1919954	32.899
3	2016144	39.365
3	2144879	39.881
3	5751985	50.242
3	6841014	51.257
3	6982669	50.824
3	7054698	41.517
3	7960208	53.088
3	8110314	54.463
3	8258871	53.632
3	8592459	53.443
3	8795719	53.410
3	9198684	49.845
3	9247438	53.807
3	9260760	52.803
3	9291391	53.558
3	9533759	54.296
3	9676623	50.618
3	10153790	52.331
3	10153790	54.858
3	10987801	55.979
3	14174762	47.801
3	15046188	49.337
3	15205158	61.921
3	16085379	58.664
3	18861939	57.019
3	19434272	61.303
3	20135163	57.486
3	21068610	59.233
3	21993462	46.582
3	25014254	57.798
3	25046851	59.256
3	25055678	56.866
3	25361869	58.787
3	26195885	63.348
3	27261294	57.618
3	28088844	48.489
3	28110633	63.902
3	29845443	60.174
3	30442714	62.067
3	31613093	58.982
3	31965977	55.181
3	32567024	59.590
3	32824578	58.188
3	34619854	60.317
3	36200964	51.492
3	36689628	59.268
3	40114747	59.458
3	42448987	62.685
3	42552783	55.845
3	42779350	59.249
3	44150623	56.405
3	44225770	57.108
3	44617340	59.590
3	44792840	55.574
3	45598883	59.256
3	45985188	59.962
3	46063782	59.590
3	46175729	59.786
3	46219254	43.969
3	46322415	59.942
3	46352128	59.962
3	46422967	59.590
3	46453762	58.455
3	46533921	56.546
3	46837183	65.247
3	46866030	57.269
3	47250391	58.853
3	47876472	63.089
3	48154048	59.572
3	49283886	58.330
3	49617376	59.274
3	49656408	60.119
3	50223363	61.688
3	50421752	58.728
3	51882257	59.997
3	52527998	59.871
3	52678615	60.906
3	52855454	66.345
3	52955729	65.628
3	52955754	62.400
3	52971312	51.835
3	53302887	60.403
3	53532269	60.543
3	53768483	67.217
3	53819178	63.533
3	53901781	61.415
3	54025398	58.517
3	54045854	57.894
3	54178125	64.324
3	54184843	64.832
3	55344036	60.764
3	55698845	68.598
3	55764685	68.819
3	55986096	70.168
3	55999655	69.442
3	56273771	72.338
3	56366450	70.271
3	56397426	70.991
3	56397806	71.597
3	56650205	74.080
3	56698817	73.532
3	56720934	75.312
3	56780510	74.506
3	56786251	73.190
3	56841395	74.516
3	56999064	75.768
3	57044572	75.579
3	57238293	77.024
3	57250525	76.851
3	57453769	76.234
3	57454124	76.684
3	57454152	77.737
3	58022788	79.236
3	58103411	77.517
3	58103558	78.492
3	58501858	81.560
3	58516099	82.284
3	58518571	82.281
3	58613251	80.931
3	58681547	85.686
3	58940656	82.974
3	59051912	84.887
3	59188161	80.163
3	59218194	84.022
3	59467468	87.089
3	59745026	88.041
3	59880054	89.649
3	59900512	89.355
3	59909255	91.249
3	59966743	92.316
3	60194116	93.404
3	60355654	94.900
3	60673248	97.638
3	60740537	96.573
3	60816983	99.226
3	60817139	99.862
3	60856882	100.711
3	60857840	100.719
3	60891320	101.902
3	60983409	102.975
3	61129695	104.506
3	61135327	104.268
3	61279303	104.987
3	61332262	105.486
3	61336031	106.329
3	61384541	104.480
3	61670440	108.181
3	61676783	107.564
3	61681169	108.669
3	61945007	108.370
3	62066647	113.857
3	62313686	111.050
3	62538280	112.666
3	62912589	117.006
3	62931852	118.802
3	63216450	123.264
3	63293888	123.545
3	63410085	124.126
3	63480494	124.995
3	63482962	124.806
3	63814720	127.160
3	63815503	128.285
3	63815539	126.723
3	63815539	126.897
3	63986079	130.459
3	64123380	130.940
3	64427061	131.964
3	64610911	133.514
3	64683304	134.083
3	64733620	137.457
3	64809655	134.524
4	1208973	2.258
4	1237811	3.071
4	1354939	0.000
4	1589695	1.766
4	1600620	4.687
4	1686922	6.403
4	1955942	9.377
4	1974332	10.022
4	2019482	8.627
4	2128089	11.684
4	2198419	13.956
4	2283918	12.770
4	2401641	14.759
4	2414052	15.711
4	2418270	15.711
4	2803132	16.474
4	2958114	19.886
4	3281127	21.421
4	3289423	22.523
4	3311393	21.139
4	3536713	25.439
4	3620713	21.844
4	3883250	22.828
4	3964806	23.737
4	4203211	24.480
4	4386924	26.353
4	4561450	27.946
4	4960482	29.566
4	5477845	38.810
4	5493390	33.782
4	5729947	38.143
4	5731721	34.082
4	6035105	35.778
4	7185572	37.651
4	8336522	37.614
4	8818957	37.079
4	9609503	40.807
4	9636101	35.897
4	10719297	31.331
4	13216320	37.734
4	14099194	36.751
4	14366458	36.679
4	14728939	37.002
4	15457391	38.022
4	17269328	32.886
4	17497381	18.275
4	18069287	32.339
4	18486217	37.632
4	22399179	34.884
4	23699696	37.632
4	31657515	36.494
4	32325130	36.625
4	32406783	36.018
4	33763037	37.632
4	34515853	37.651
4	39124075	35.416
4	39324424	38.964
4	39871058	38.031
4	40674063	38.022
4	41915928	36.968
4	42300882	37.343
4	42390100	35.594
4	42835321	36.865
4	44113553	34.564
4	44118950	36.242
4	44801386	39.343
4	45464262	39.668
4	46956529	37.382
4	47207477	37.201
4	49719456	38.424
4	49761998	37.079
4	50325296	37.728
4	50726925	38.509
4	50893444	38.683
4	50902782	37.427
4	51014124	41.812
4	51743622	40.054
4	51751835	40.660
4	52220265	42.855
4	52555626	44.627
4	52752346	45.672
4	53080729	46.697
4	53312213	48.526
4	53643024	44.201
4	53684119	49.035
4	53690975	44.201
4	53705574	43.434
4	54502141	50.486
4	54923109	47.895
4	55027907	52.509
4	55159363	54.524
4	55663946	54.292
4	56098768	51.903
4	56142411	56.262
4	56172614	56.462
4	56180202	58.064
4	56798702	58.330
4	56936403	57.361
4	57176897	60.761
4	57179430	61.346
4	57351140	69.722
4	57582980	59.837
4	57593930	64.243
4	57657494	63.473
4	57815082	65.553
4	57874171	66.074
4	58124020	65.328
4	58194050	65.089
4	58211112	65.431
4	58432194	68.724
4	58453149	68.061
4	58757983	73.194
4	58789881	71.537
4	58798309	72.345
4	59015158	74.280
4	59278364	76.265
4	59386713	77.583
4	59459373	78.073
4	59487769	77.046
4	59585235	78.410
4	59675309	75.252
4	59850097	78.892
4	59895880	81.073
4	60040944	81.745
4	60219232	84.183
4	60509821	85.846
4	60620995	84.927
4	60674087	85.819
4	60707610	85.944
4	60927848	91.917
4	61009192	89.217
4	61030085	90.883
4	61414081	95.421
4	61683988	100.457
4	61855425	101.896
4	61880457	102.395
4	61968226	102.872
4	62036019	104.140
4	62070613	106.886
4	62083508	106.169
4	62109770	105.835
4	62136509	105.143
4	62219666	109.216
4	62611200	114.564
4	62612197	116.936
4	62734472	115.567
4	62794384	116.290
4	62804708	115.567
4	62942971	117.586
4	62994942	120.295
4	63114856	121.489
4	63120868	121.595
4	63419051	132.328
4	63608949	126.417
4	63623961	126.444
4	63673974	126.468
4	63698364	127.739
4	63772650	125.776
4	63870230	126.285
4	63995015	124.901
5	81977	0.000
5	110544	1.459
5	160849	1.915
5	189754	3.509
5	250656	1.915
5	341945	0.952
5	352984	2.975
5	358794	2.600
5	385420	4.218
5	756601	6.253
5	813150	7.915
5	818950	5.982
5	906633	7.624
5	961081	7.047
5	980040	10.140
5	980196	9.359
5	1028851	8.834
5	1041368	9.604
5	1540417	15.307
5	1646781	18.170
5	1653185	17.003
5	1798292	19.681
5	1948631	21.588
5	2005592	22.611
5	2164093	25.667
5	2230038	27.267
5	2247160	28.653
5	2300661	31.477
5	2615675	32.870
5	2622504	33.447
5	2673409	35.420
5	2673700	34.521
5	2732513	36.668
5	2990999	41.343
5	3198272	43.407
5	3247709	42.535
5	3621403	44.959
5	3637596	46.081
5	3739422	48.471
5	3887966	47.911
5	4654243	61.444
5	4989082	65.770
5	4990974	63.975
5	5228052	69.729
5	5318482	69.000
5	6016484	86.744
5	6225365	73.730
5	6226663	74.023
5	6306353	73.380
5	7498030	77.968
5	7502548	81.616
5	7535371	81.945
5	8176176	85.619
5	9165329	81.627
5	9191152	81.728
5	9299141	81.405
5	10065276	80.949
5	10079264	81.320
5	10763547	80.970
5	11497816	81.405
5	12529181	80.949
5	13350396	80.374
5	13748283	79.888
5	15025411	81.374
5	16804960	80.970
5	18439248	81.226
5	18631698	76.573
5	18664005	75.346
5	18794500	67.080
5	19065177	80.178
5	19275953	80.902
5	19336416	82.866
5	19755484	75.004
5	21164418	79.532
5	21164418	80.754
5	22152283	82.571
5	23877362	82.754
5	24524021	82.838
5	27169326	81.405
5	27169968	81.309
5	28465122	79.740
5	29170667	81.290
5	29207227	81.288
5	29726599	82.241
5	30459168	77.430
5	30863278	81.241
5	31938520	76.924
5	32969952	75.819
5	39045971	81.405
5	39562247	81.288
5	40011808	84.554
5	40024550	82.095
5	40182226	72.303
5	43222070	79.182
5	45618838	79.444
5	46192448	81.347
5	48063791	81.405
5	48063791	81.517
5	51037179	81.405
5	51482192	82.355
5	52308378	81.405
5	52921756	84.150
5	53101512	82.825
5	53523042	83.374
5	53723035	80.497
5	56009101	81.799
5	56404515	83.570
5	56504709	78.446
5	57666420	83.038
5	58536096	83.943
5	58968874	84.818
5	59591573	86.212
5	59790049	89.834
5	59827092	87.396
5	59916704	85.245
5	60218721	78.729
5	60224789	88.006
5	60225706	79.022
5	60368799	88.455
5	60392798	89.027
5	60588659	92.099
5	60958800	89.167
5	61254768	90.836
5	61423352	91.553
5	61660779	99.868
5	61671367	94.170
5	61708360	97.215
5	62108681	107.488
5	62296236	110.195
5	62296354	110.195
5	62355100	112.752
5	62495111	111.332
5	62638676	114.670
5	62867839	119.266
5	62918955	119.373
5	63011556	119.032
5	63042685	119.823
5	63162485	120.574
5	63193526	116.224
5	63359007	120.888
5	63554332	124.259
5	63667711	125.752
5	63819313	125.278
5	63918115	128.452
5	64426553	133.608
5	64431345	132.909
5	64484290	134.076
5	64487667	134.165
5	64594463	136.755
5	64597812	137.915
6	763471	0.839
6	923156	1.617
6	945462	2.322
6	1112055	1.556
6	1175716	1.689
6	1239118	1.617
6	1495074	14.048
6	1644342	4.230
6	1683908	4.113
6	2226668	7.486
6	2315043	7.122
6	2811372	10.052
6	2848185	9.823
6	3222328	9.989
6	3804331	12.760
6	4555160	10.709
6	4694332	10.797
6	4828754	10.797
6	11104964	10.350
6	14314223	6.355
6	14501114	8.498
6	14963657	10.703
6	15437785	10.838
6	17313310	10.408
6	17371592	9.387
6	20391974	11.315
6	20420931	11.339
6	21040733	11.370
6	21129319	11.067
6	24707350	5.769
6	25205035	12.972
6	26109415	11.067
6	28108995	13.325
6	28841883	17.733
6	29619718	20.190
6	30262095	24.707
6	30436696	27.295
6	30619052	26.477
6	30813568	29.054
6	31166234	28.001
6	32073375	31.776
6	32261601	22.597
6	32364404	32.828
6	32364554	32.412
6	32405696	32.871
6	32406669	33.143
6	32436463	33.032
6	32620040	34.689
6	32697262	35.514
6	32743871	34.253
6	32869007	36.333
6	33087457	37.065
6	33326985	37.474
6	33366687	37.884
6	33748826	38.982
6	33972674	40.918
6	33997588	41.160
6	34254316	41.524
6	34300539	40.179
6	34407309	56.607
6	34523293	50.089
6	35052463	44.452
6	35108590	46.444
6	35126593	49.680
6	35141145	46.727
6	35229015	50.554
6	35523525	48.992
6	35576006	55.155
6	35912306	48.732
6	36004084	43.470
6	36075240	47.550
6	36107856	48.523
6	36208452	48.047
6	36427704	48.286
6	36474733	47.737
6	36637614	48.053
6	36828356	48.053
6	36840051	42.822
6	37068196	49.196
6	37267943	48.258
6	37756511	45.716
6	37789229	51.259
6	37930435	45.465
6	37980045	48.258
6	37982093	47.087
6	38064585	48.387
6	38101341	48.319
6	38227129	46.156
6	38242211	48.098
6	38286475	48.241
6	38407514	47.954
6	38968366	54.026
6	39011162	53.528
6	39107323	53.357
6	39204962	47.293
6	39352359	52.390
6	39545692	58.828
6	39833645	59.890
6	39861892	60.978
6	39953463	60.809
6	40053234	61.917
6	40272767	61.630
6	40280675	62.665
6	40361106	63.951
6	40550492	63.437
6	40753604	63.222
6	40842907	65.916
6	41004709	69.508
6	41070725	67.526
6	41147223	78.079
6	41223927	71.822
6	41458656	76.699
6	41482392	76.541
6	41484577	77.176
6	41532760	76.368
6	41546629	73.334
6	41686757	73.906
6	41760465	76.777
6	41841958	75.843
6	41869547	76.092
6	41916924	75.854
6	42002204	75.883
6	42006096	75.849
6	42126640	70.977
6	42232624	74.867
6	42267306	75.560
6	42284778	74.948
6	42355261	80.069
6	42492107	75.705
6	42638290	82.620
6	42931594	79.303
6	43409943	86.565
6	43590962	87.822
6	43957646	93.922
6	44002221	91.086
6	44048801	94.558
6	44239435	96.506
6	44554339	98.533
6	44643537	100.814
6	44645185	99.772
6	44653336	100.816
6	44703809	100.885
6	44719293	102.588
6	45006870	104.213
6	45039677	103.463
6	45439025	107.871
6	45509249	107.966
6	45636105	108.540
6	45664283	108.045
6	45728464	107.521
6	45960727	107.468
7	42003	2.711
7	243742	3.718
7	325541	2.401
7	413919	3.391
7	460658	3.771
7	508849	0.674
7	586997	3.017
7	997450	4.681
7	1070994	3.995
7	1170381	3.751
7	1190051	3.708
7	1448622	1.500
7	1701510	3.735
7	1723213	4.650
7	1742211	2.918
7	1879062	3.771
7	1993071	3.658
7	2129576	2.081
7	2234820	1.925
7	2562697	3.161
7	2653799	5.231
7	2918343	7.853
7	3188582	10.247
7	3594222	11.875
7	3994445	15.691
7	4118777	18.197
7	4148041	16.704
7	4159281	17.336
7	5621490	28.939
7	5640637	27.883
7	6518029	22.724
7	6881535	24.017
7	7375748	27.607
7	7771469	24.248
7	7874583	24.544
7	8863515	25.362
7	9294064	26.107
7	9316907	27.706
7	10644073	30.987
7	11534719	81.429
7	11872223	20.953
7	12634150	30.328
7	12730741	27.061
7	13871743	26.854
7	13987426	29.628
7	14174400	22.991
7	14249671	26.487
7	19454101	26.632
7	23054102	29.892
7	25060780	22.008
7	25369631	26.956
7	27937909	27.162
7	28911743	27.061
7	29278064	26.855
7	32871508	30.132
7	33316749	26.054
7	33524760	28.122
7	39980910	27.061
7	42511526	29.102
7	43217731	26.838
7	43810141	27.263
7	46461531	28.458
7	47534276	23.395
7	47783470	27.196
7	48129223	25.134
7	48519771	28.267
7	48526759	26.682
7	48550476	26.661
7	49295356	27.061
7	50759155	27.196
7	51145172	27.336
7	51995506	26.393
7	52508740	26.310
7	53272966	30.725
7	53868200	32.659
7	53868244	33.375
7	54092759	34.788
7	54207929	35.275
7	54208242	35.005
7	54337695	34.590
7	54813778	36.251
7	55053542	37.762
7	55257418	51.006
7	55287631	48.224
7	55335692	38.461
7	55381608	48.813
7	55635343	39.396
7	55736620	39.237
7	55834473	38.872
7	55952230	40.335
7	56358285	40.902
7	56398634	42.596
7	56740212	41.628
7	56819053	41.297
7	56863773	41.536
7	56967470	41.955
7	57097049	42.959
7	57171888	43.177
7	57349428	42.926
7	57557344	42.257
7	57625795	42.879
7	58274459	44.745
7	58344465	43.823
7	58521618	45.598
7	58533263	50.208
7	58837313	43.896
7	59061206	43.804
7	59220772	45.318
7	59389377	44.745
7	59572474	43.804
7	59776847	43.850
7	59933481	44.357
7	59964660	44.888
7	60279891	46.979
7	60644382	43.776
7	60727202	47.747
7	61372245	53.716
7	61391977	49.558
7	61451735	55.211
7	62014746	57.375
7	62084278	58.678
7	62114599	56.527
7	62483741	63.718
7	62594166	65.368
7	62930737	69.773
7	62955041	68.214
7	63125681	71.173
7	63210450	72.474
7	63223311	72.072
7	63585337	71.481
7	63595062	73.661
7	63629938	73.321
7	63630209	73.962
7	63896656	77.479
7	63932417	79.245
7	64081944	79.057
7	64157378	80.451
7	64406767	86.346
7	64567498	89.654
7	64899925	93.308
7	64950130	96.124
7	64988006	93.936
7	65047162	97.332
7	65106712	94.338
7	65219345	95.191
8	54207	2.763
8	95559	2.871
8	409329	2.091
8	603432	2.319
8	699265	3.151
8	764100	2.837
8	1037631	2.777
8	1112253	2.621
8	1913353	2.904
8	2446687	1.521
8	2673668	9.115
8	2719604	12.108
8	2895325	10.377
8	2926646	10.974
8	2932506	9.445
8	3047566	13.988
8	3292424	20.672
8	3397919	34.396
8	3622797	16.593
8	3735327	19.356
8	4358618	23.488
8	5097851	29.694
8	6570617	22.493
8	6579388	21.239
8	6593613	18.492
8	6854818	23.396
8	7560776	26.959
8	7574248	27.522
8	7908177	25.101
8	8567225	27.058
8	9741399	22.950
8	10212132	24.147
8	10722990	26.367
8	14105585	27.578
8	14109447	26.928
8	19515251	26.996
8	21983021	24.385
8	22866614	26.385
8	22866635	26.872
8	23084110	24.818
8	23563212	26.996
8	25432514	26.033
8	25888978	27.495
8	26454104	26.462
8	28008118	27.795
8	28503040	27.039
8	29157622	27.286
8	33297775	26.506
8	37044025	26.464
8	38261137	28.918
8	40380558	28.918
8	41116819	27.054
8	41699186	25.824
8	43869067	26.413
8	43937249	25.750
8	43958289	26.334
8	45468598	26.789
8	45713945	26.367
8	46484719	26.234
8	47402342	25.382
8	48202710	21.671
8	49052784	26.942
8	49348956	25.444
8	49548164	26.655
8	50255299	20.712
8	50296850	28.413
8	50437637	28.225
8	50956877	31.072
8	51086549	36.151
8	51278881	30.405
8	51279388	30.648
8	51393252	31.498
8	51444695	30.785
8	51711839	34.828
8	51729970	32.072
8	51773960	33.349
8	51811192	33.080
8	52734621	32.687
8	53386246	38.493
8	53632277	39.116
8	54002455	39.985
8	54076992	37.894
8	54141261	40.478
8	54390725	38.055
8	54922694	44.599
8	56008027	50.852
8	56412229	51.728
8	57093061	58.407
8	57499383	57.756
8	57615012	55.247
8	57767518	60.788
8	57871773	59.512
8	57897345	63.616
8	58178316	63.863
8	58211790	66.124
8	58260874	64.537
8	58312594	65.325
8	58440478	68.931
8	58600440	69.560
8	58711111	62.245
8	58870247	71.514
8	58992010	71.366
8	59047837	71.063
8	59096909	72.564
8	59439814	71.848
8	59605564	75.365
8	59674755	74.379
8	59700523	75.285
8	59729084	75.957
8	59749070	76.777
8	59784903	79.374
8	59830174	81.022
8	59881936	80.702
8	60035233	80.139
8	60047197	81.496
8	60403996	82.267
8	60412760	83.000
8	60443420	85.264
8	60616460	84.782
8	60811687	86.423
8	60842498	86.162
8	60930879	85.724
8	60945352	86.394
8	60996693	88.809
8	61048374	87.896
8	61124471	87.632
8	61213609	89.141
8	61234782	89.587
8	61284459	91.474
8	61312639	90.137
8	61457810	94.737
8	61488151	93.692
8	61561309	99.129
8	61586877	96.632
8	61773781	98.477
8	62016774	101.413
8	62105225	102.581
8	62241915	102.088
8	62262397	102.088
8	62264213	103.799
8	62383473	103.133
8	62405410	105.351
8	62702057	106.778
8	62924142	109.243
9	239795	0.000
9	733429	4.224
9	1075246	10.354
9	1097342	9.185
9	1110401	11.807
9	1152070	10.653
9	1208638	14.358
9	1437074	15.569
9	1908973	24.348
9	1921017	24.304
9	2056889	26.778
9	2223358	26.375
9	2324286	28.182
9	2374261	28.677
9	2644130	29.925
9	3092277	31.723
9	3307139	34.891
9	3405373	38.829
9	3521528	32.890
9	3742027	39.832
9	3810236	39.146
9	4011995	39.847
9	4028414	42.509
9	4382607	44.801
9	4412857	41.971
9	4642979	45.457
9	5090709	49.146
9	5205725	47.873
9	5341515	37.381
9	6097566	53.831
9	6408618	50.609
9	6523774	58.264
9	6946657	50.741
9	7180686	60.821
9	7395712	51.467
9	8001874	52.635
9	8711138	51.492
9	8732753	59.841
9	10677745	52.623
9	11618944	49.435
9	12492284	50.950
9	13363280	52.280
9	13502685	49.646
9	14588312	52.633
9	15001547	45.188
9	15001547	56.504
9	15060381	52.272
9	16261722	52.633
9	16678271	54.190
9	16964740	50.073
9	17885310	50.246
9	18643841	54.837
9	19292874	50.532
9	23436570	43.971
9	23695166	52.809
9	23867783	50.854
9	24360272	52.268
9	28574998	52.272
9	29295051	52.635
9	30103394	50.866
9	32507420	52.225
9	35656033	52.288
9	36694873	52.794
9	36707340	50.987
9	38224717	52.794
9	38617657	47.063
9	38918905	53.389
9	39720800	52.225
9	41607148	55.836
9	41780114	52.282
9	42772680	52.610
9	43276711	52.766
9	44355583	51.123
9	45191664	45.816
9	45635345	56.104
9	45737885	50.990
9	47269797	50.969
9	49161950	50.916
9	49704489	54.611
9	49812167	51.409
9	49979821	51.442
9	50064742	50.969
9	50076739	51.020
9	51708099	52.214
9	52621709	51.254
9	54045333	54.178
9	54667490	51.445
9	54707720	50.332
9	56020272	48.513
9	56407003	58.650
9	56791287	53.139
9	56856096	53.115
9	57199276	48.136
9	57254360	53.109
9	57388203	52.472
9	57667178	52.483
9	57667182	46.182
9	58275954	51.651
9	58485977	47.718
9	58707699	53.610
9	58817278	46.632
9	58817278	43.130
9	58896647	53.642
9	58940316	53.948
9	59576689	55.047
9	59583234	59.517
9	59693277	44.346
9	59693311	53.663
9	59705601	53.646
9	59801003	54.456
9	59862906	51.790
9	60054557	57.192
9	60078313	55.330
9	60081757	57.373
9	60722674	55.380
9	60819132	55.531
9	61145464	56.823
9	61158035	55.517
9	61556437	57.971
9	62157709	59.145
9	62230938	60.542
9	62326555	61.531
9	62335114	62.377
9	62456533	61.382
9	62635660	61.856
9	62751600	63.822
9	62797285	62.855
9	62982029	63.243
9	63351569	64.673
9	63419499	64.199
9	63444828	66.038
9	63475811	66.327
9	63475968	65.635
9	63491727	66.638
9	63769479	65.443
9	63855839	67.198
9	64071575	70.014
9	64071777	69.472
9	64072366	69.585
9	64207085	71.523
9	64365863	72.459
9	64422194	71.914
9	64530581	75.085
9	64629177	73.977
9	64744796	76.708
9	64970171	78.873
9	65034256	81.900
9	65040004	83.559
9	65053209	82.237
9	65211593	82.945
9	65382563	83.733
9	65429631	83.701
9	65871729	92.726
9	65915009	92.726
9	66093093	95.488
9	66371766	97.572
9	66478018	99.084
9	66513258	99.088
9	66560400	99.088
9	66690588	104.730
9	66709678	102.385
9	66711428	98.441
9	66844055	100.915
9	66845744	101.198
9	67022547	96.858
9	67067725	100.561
9	67077096	95.979
9	67115580	96.082
9	67136703	94.525
9	67585378	109.033
9	67612365	108.898
10	1022915	0.000
10	1109972	4.168
10	1177650	3.666
10	1225374	5.702
10	1428710	8.266
10	1602409	10.541
10	1625754	11.376
10	1748565	11.294
10	1825477	14.461
10	1837839	13.860
10	1947905	19.366
10	2313209	6.083
10	2431626	18.549
10	2484035	19.934
10	2533491	20.118
10	2641913	22.858
10	2653490	22.148
10	2894430	23.331
10	3005580	22.625
10	3285779	27.281
10	3409062	25.035
10	3425326	27.500
10	4402536	28.193
10	4528207	32.574
10	5715948	32.057
10	6383493	34.255
10	6718059	31.765
10	9351854	31.770
10	11279967	31.387
10	11346937	32.002
10	13989032	31.632
10	13999168	31.667
10	14654017	36.960
10	16445373	36.249
10	18294902	31.766
10	19649817	31.359
10	19787914	33.265
10	21303063	30.579
10	21963926	31.667
10	22614705	34.708
10	22666130	31.819
10	24372327	31.006
10	24634118	37.586
10	28930190	31.632
10	29046883	31.770
10	29097329	26.087
10	29704322	29.731
10	30483315	31.679
10	30483400	31.310
10	35394219	32.501
10	36258321	31.819
10	36486522	31.780
10	38226872	35.703
10	39790122	34.429
10	40473572	32.204
10	40473572	38.852
10	41777248	31.762
10	41902938	31.667
10	42456501	40.808
10	43160027	31.711
10	43344012	32.330
10	43629673	31.765
10	44177413	33.488
10	44304784	31.841
10	45740348	33.090
10	46445584	31.766
10	46537409	34.109
10	46558395	31.770
10	46805096	31.637
10	46854324	20.414
10	47515555	31.762
10	47515713	31.632
10	48291815	33.903
10	48291823	31.496
10	48365780	31.687
10	49924064	31.632
10	51259732	32.709
10	51284393	31.762
10	51318619	32.384
10	51418600	31.683
10	51603862	32.229
10	52062178	35.978
10	52119350	31.117
10	52139669	31.154
10	52261009	30.758
10	52294571	30.764
10	52439615	30.769
10	52570546	30.769
10	54069138	32.093
10	57342213	26.617
10	57462988	30.291
10	57652042	39.559
10	57652057	28.816
10	58015976	29.111
10	58658365	31.801
10	58801200	29.228
10	58831359	38.233
10	58934165	41.478
10	59187810	41.263
10	59187810	42.081
10	59221982	40.508
10	59295084	42.371
10	59320723	42.587
10	59458437	42.911
10	59493877	43.774
10	59723570	44.525
10	59772972	46.154
10	59795490	44.378
10	59872548	44.960
10	59943998	44.420
10	60030947	47.259
10	60067010	45.495
10	60143068	47.864
10	60193297	52.089
10	60286458	52.616
10	60361194	49.776
10	60428000	49.965
10	60468724	50.359
10	61137658	53.089
10	61140091	50.971
10	61278742	50.670
10	61377644	51.358
10	61519203	53.330
10	61627542	53.537
10	61739043	54.584
10	61788807	55.882
10	61857488	56.339
10	61997504	57.315
10	62015657	57.423
10	62182712	60.074
10	62424338	61.649
10	62569633	65.573
10	62639911	65.573
10	62704778	65.463
10	62774734	66.102
10	62828769	67.599
10	63072835	71.543
10	63160428	70.191
10	63174065	69.194
10	63174077	70.835
10	63645040	74.736
10	63937147	77.922
10	63964652	78.489
10	64092191	80.027
10	64374328	83.603
10	64600506	86.071
10	64682393	86.071
10	64684524	88.916
11	107967	0.000
11	139707	0.335
11	305257	1.342
11	360359	1.995
11	412393	3.359
11	651658	6.529
11	707103	5.525
11	713329	6.193
11	860794	9.214
11	1149836	14.408
11	1360162	18.667
11	1419793	16.072
11	1605402	17.201
11	1739186	23.048
11	1739367	24.297
11	1851157	26.772
11	1866103	25.599
11	1980770	22.173
11	2267199	30.728
11	2821155	34.286
11	3046883	37.419
11	3143932	36.246
11	3195008	39.621
11	3202346	40.210
11	3291296	39.382
11	3354753	38.313
11	3405877	38.466
11	3406749	32.180
11	3586347	46.142
11	3604622	43.415
11	3705538	43.662
11	4087105	42.323
11	4475632	49.457
11	4716069	48.952
11	4912814	50.682
11	4940308	51.390
11	5222756	52.046
11	5460164	60.644
11	5518683	56.852
11	5563820	68.959
11	5928573	68.981
11	5953344	61.859
11	6038878	62.081
11	6079799	59.051
11	6126221	54.662
11	6172765	62.004
11	6321147	68.719
11	6491983	71.504
11	7140854	67.923
11	7302134	68.005
11	7554664	67.958
11	7762929	63.018
11	8040848	65.988
11	8089973	68.349
11	8347900	65.894
11	8740250	63.672
11	10015705	67.585
11	10856481	67.274
11	11660312	67.008
11	11784875	67.041
11	11784909	66.850
11	12309661	55.542
11	13429001	69.370
11	13456993	66.475
11	13859483	72.055
11	13922998	63.884
11	14565251	54.115
11	17720673	64.317
11	17783661	67.124
11	20848508	64.582
11	21389266	67.166
11	22206992	72.638
11	22351550	67.138
11	22417342	66.888
11	22989138	66.526
11	23416536	67.352
11	24486503	67.665
11	24492217	69.611
11	24829809	65.199
11	25557957	60.004
11	26525799	65.703
11	28615233	67.047
11	29260316	66.929
11	29853891	80.134
11	30315982	66.199
11	30549282	67.446
11	30549632	67.155
11	30623727	67.125
11	32766218	67.109
11	33299566	66.997
11	35118103	67.155
11	35149257	57.291
11	35800859	70.203
11	36074508	71.097
11	36172541	66.972
11	36731879	66.748
11	37057637	66.970
11	38113286	58.264
11	39704870	75.328
11	41082292	67.155
11	44137623	67.746
11	44777260	66.773
11	46515526	66.657
11	46579122	61.177
11	46765857	59.294
11	47083349	65.399
11	47334846	67.665
11	47476764	70.776
11	47566663	69.930
11	47898425	73.379
11	48236380	74.032
11	48644854	73.694
11	48882597	74.792
11	49084848	78.405
11	49094917	78.039
11	49221640	76.816
11	49267403	81.054
11	49286047	77.157
11	49286281	76.839
11	49286358	79.197
11	49361730	77.525
11	49446913	77.547
11	49758621	81.635
11	49812022	85.374
11	49865083	83.063
11	49912706	83.991
11	50266665	89.940
11	50366542	91.281
11	50502298	91.259
11	50585576	93.300
11	50587648	97.819
11	50836209	94.553
11	51392453	100.869
11	51419989	112.810
11	51493034	102.474
11	51504837	101.434
11	52180671	106.415
11	52253128	110.222
11	52271477	104.769
11	52291710	107.091
11	52452954	117.017
11	53085991	119.986
12	209686	7.679
12	492117	12.387
12	559305	12.168
12	786456	15.067
12	1351097	26.442
12	1351222	24.461
12	1413715	18.245
12	1499087	21.438
12	1566808	27.407
12	1664023	32.038
12	1759937	31.184
12	1810950	30.509
12	2185634	33.909
12	2247355	35.647
12	2352464	33.003
12	2352662	36.732
12	2415026	36.039
12	2684366	38.954
12	2922428	39.512
12	3147453	41.225
12	3153921	42.386
12	3440355	44.573
12	3563875	43.553
12	3712340	46.034
12	3775852	45.382
12	3807650	37.969
12	3816348	46.527
12	3871243	46.553
12	4032901	48.031
12	4263828	47.235
12	4308460	46.980
12	4558511	49.877
12	4591426	51.133
12	4678264	50.670
12	4684525	50.816
12	4766542	48.570
12	4913463	48.922
12	4915217	50.327
12	4990867	49.485
12	5164618	54.272
12	5353902	51.912
12	5524093	56.672
12	5655246	55.649
12	5690661	56.419
12	6071358	40.400
12	6355172	55.700
12	6426508	58.407
12	6458436	56.872
12	7273186	61.814
12	7796064	65.030
12	7855031	60.944
12	8017074	70.732
12	8877918	59.335
12	10806216	60.636
12	11268875	60.161
12	14338689	59.547
12	14704993	62.491
12	14713443	60.487
12	14950542	62.669
12	16714898	60.452
12	19429836	60.487
12	22444205	60.737
12	23397457	61.729
12	24646822	59.725
12	24969731	61.518
12	24981399	60.199
12	24981399	61.954
12	28707994	60.488
12	28961558	62.148
12	29354825	61.385
12	30052755	61.315
12	31561458	59.508
12	31819782	60.161
12	34464471	61.188
12	34588282	66.932
12	35488421	63.136
12	35596960	61.449
12	36291376	58.252
12	36357785	67.359
12	37167856	69.740
12	37220084	60.922
12	37355004	55.041
12	37725342	61.270
12	39550843	60.027
12	40283767	59.615
12	40329004	61.473
12	41425024	62.048
12	41975119	61.564
12	43380463	60.487
12	43450322	60.494
12	43800288	60.487
12	44067830	63.304
12	44610180	60.491
12	44710219	60.203
12	45081023	60.586
12	45440209	60.367
12	45585567	60.872
12	45652301	59.109
12	45656225	59.392
12	45790768	52.744
12	46020356	59.189
12	46224455	64.353
12	46636519	65.705
12	46654980	57.849
12	46668114	64.647
12	46820668	58.793
12	46975359	58.793
12	47133524	58.579
12	47136871	63.753
12	47200002	65.367
12	47258679	66.064
12	47451778	66.188
12	47765315	68.062
12	47991076	57.237
12	48397335	73.030
12	48542354	73.764
12	49841500	60.454
12	49933880	63.405
12	52589540	64.891
12	54325499	60.487
12	54827425	60.814
12	55012893	64.052
12	56896942	61.132
12	57314796	64.450
12	60267367	63.926
12	60747615	69.090
12	61776743	74.464
12	62021177	80.508
12	62048595	75.630
12	62079305	78.047
12	62393053	79.673
12	62516395	82.601
12	62564338	82.601
12	62581321	83.463
12	62657471	81.122
12	62957876	88.604
12	63031601	92.897
12	63143375	93.704
12	63237515	94.868
12	63342992	95.660
12	63420228	94.947
12	63420344	94.231
12	63499434	90.480
12	63554317	92.276
12	63556172	94.868
12	63786800	96.645
12	63928608	98.419
12	64104593	101.659
12	64111467	100.645
12	64648530	108.966
12	64802182	114.281
12	64805953	115.467
12	64942078	116.700
12	65390334	118.396
