"chr"	"marker"	"cm"	"mb"	"sp"
10	"10001"	14.85	16.046364	"bmor"
10	"10002"	6.9	9.186399	"bmor"
10	"10003"	6.1	8.512402	"bmor"
10	"10004"	4.5	5.958851	"bmor"
10	"10005"	6.9	9.216512	"bmor"
10	"10005"	6.9	9.216647	"bmor"
10	"10006"	6.35	9.055754	"bmor"
10	"10007"	22	19.020729	"bmor"
10	"10008"	2.95	3.042502	"bmor"
10	"10009"	10.3	12.564516	"bmor"
10	"10010"	10.3	12.480786	"bmor"
10	"10011"	14.85	16.001786	"bmor"
10	"10012"	2.4	2.454093	"bmor"
10	"10013"	4.5	4.244974	"bmor"
10	"10014"	4.5	5.573398	"bmor"
10	"10015"	4.5	6.096016	"bmor"
10	"10016"	6.9	9.246294	"bmor"
10	"10017"	7.7	9.343071	"bmor"
10	"10018"	13.5	15.420836	"bmor"
10	"10019"	2.95	3.078603	"bmor"
10	"10020"	1.6	2.048044	"bmor"
10	"10021"	6.1	8.478118	"bmor"
10	"10022"	7.95	9.60069	"bmor"
10	"10023"	6.1	7.88018	"bmor"
10	"10024"	15.65	16.641641	"bmor"
10	"10025"	15.9	16.903915	"bmor"
10	"10026"	1.6	1.502545	"bmor"
10	"10027"	0	0.507829	"bmor"
10	"10028"	5.85	6.851377	"bmor"
10	"10029"	15.1	16.36026	"bmor"
10	"10030"	1.6	1.925696	"bmor"
10	"10031"	7.95	10.026508	"bmor"
10	"10032"	4.5	5.913528	"bmor"
10	"10033"	5.3	6.489532	"bmor"
10	"10034"	4.25	3.800442	"bmor"
10	"10035"	22	18.99257	"bmor"
10	"10036"	14.3	15.862914	"bmor"
10	"10037"	7.7	9.565132	"bmor"
10	"10038"	0.55	0.990344	"bmor"
10	"10039"	9.25	12.40363	"bmor"
10	"10040"	4.5	5.044217	"bmor"
10	"10041"	4.5	4.584926	"bmor"
10	"10042"	9.25	12.339353	"bmor"
10	"10043"	4.5	6.144793	"bmor"
10	"10044"	14.85	15.979068	"bmor"
10	"10045"	14.85	16.013083	"bmor"
10	"10046"	12.7	13.934264	"bmor"
10	"10047"	12.7	14.016424	"bmor"
10	"10048"	1.85	2.097577	"bmor"
10	"10049"	4.25	3.949049	"bmor"
10	"10050"	22	18.893785	"bmor"
10	"10051"	14.3	15.763517	"bmor"
10	"10052"	8.75	11.763565	"bmor"
10	"10053"	5.05	6.443637	"bmor"
10	"10055"	12.95	15.290632	"bmor"
10	"10056"	4.5	4.992417	"bmor"
10	"10057"	10.3	12.496253	"bmor"
10	"10060"	5.3	6.557427	"bmor"
10	"10061"	2.95	3.18837	"bmor"
10	"10062"	0.8	1.051797	"bmor"
10	"10064"	8.2	10.911223	"bmor"
10	"10065"	7.7	9.441944	"bmor"
10	"10066"	6.35	9.038313	"bmor"
10	"10068"	12.95	14.774413	"bmor"
10	"10069"	4.5	5.476641	"bmor"
10	"10071"	10.3	12.491059	"bmor"
10	"10072"	12.95	14.719366	"bmor"
10	"10073"	9	11.871757	"bmor"
10	"10080"	10.3	12.486769	"bmor"
10	"10081"	4.5	6.214743	"bmor"
10	"10082"	1.35	1.588937	"bmor"
10	"10083"	0	0.602502	"bmor"
10	"10084"	9	12.054162	"bmor"
10	"10085"	18.1	19.739703	"bmor"
10	"10086"	6.35	9.014347	"bmor"
10	"10087"	4.25	3.468215	"bmor"
10	"10088"	5.85	7.187345	"bmor"
10	"10089"	15.1	16.221729	"bmor"
10	"10090"	10.3	12.47048	"bmor"
10	"10091"	11.75	13.527578	"bmor"
10	"10092"	11.1	13.045545	"bmor"
10	"10093"	5.85	6.598442	"bmor"
10	"10094"	11.1	13.037341	"bmor"
10	"10095"	9	11.842251	"bmor"
10	"10096"	4.5	5.785546	"bmor"
10	"10097"	1.35	1.577131	"bmor"
10	"10097"	1.35	1.577104	"bmor"
10	"10101"	2.4	2.681434	"bmor"
10	"10102"	4.25	3.450075	"bmor"
10	"10103"	22	18.954156	"bmor"
10	"10104"	16.7	17.128735	"bmor"
10	"10106"	2.4	2.421556	"bmor"
10	"10107"	4.5	4.899848	"bmor"
11	"11001"	23.8	21.123761	"bmor"
11	"11002"	13.45	12.758757	"bmor"
11	"11003"	32	23.827909	"bmor"
11	"11004"	13.7	14.463325	"bmor"
11	"11005"	16.95	16.098423	"bmor"
11	"11006"	16.95	16.037432	"bmor"
11	"11007"	14.5	13.712244	"bmor"
11	"11008"	12.35	11.011308	"bmor"
11	"11009"	17.75	16.342266	"bmor"
11	"11010"	11.85	10.118356	"bmor"
11	"11011"	24.35	19.173327	"bmor"
11	"11012"	15.3	13.96036	"bmor"
11	"11013"	13.7	13.105193	"bmor"
11	"11014"	27.75	20.570515	"bmor"
11	"11015"	7.1	2.877272	"bmor"
11	"11016"	12.35	11.171831	"bmor"
11	"11017"	24.35	19.332973	"bmor"
11	"11018"	10.3	7.205415	"bmor"
11	"11019"	0	0.452735	"bmor"
11	"11020"	14.5	13.369595	"bmor"
11	"11021"	9.75	5.989414	"bmor"
11	"11022"	17.75	16.367295	"bmor"
11	"11023"	16.95	16.184315	"bmor"
11	"11024"	4.75	2.387559	"bmor"
11	"11025"	18	16.518163	"bmor"
11	"11027"	24.35	19.157781	"bmor"
11	"11028"	24.35	19.278551	"bmor"
11	"11029"	16.95	16.101831	"bmor"
11	"11030"	9.2	5.211518	"bmor"
11	"11031"	9.75	6.258043	"bmor"
11	"11032"	13.45	12.755382	"bmor"
11	"11033"	11.35	8.866175	"bmor"
11	"11034"	32	23.817193	"bmor"
11	"11035"	11.35	9.257814	"bmor"
11	"11036"	0.25	0.831889	"bmor"
11	"11038"	13.45	12.756173	"bmor"
11	"11039"	32	23.809793	"bmor"
11	"11040"	5	2.463571	"bmor"
11	"11041"	3.45	1.49287	"bmor"
11	"11042"	14.5	13.706137	"bmor"
11	"11043"	15.3	13.877312	"bmor"
11	"11044"	16.95	16.290723	"bmor"
11	"11045"	9.75	6.247443	"bmor"
11	"11046"	15.85	15.747384	"bmor"
11	"11047"	17.5	16.314391	"bmor"
11	"11048"	7.65	3.649493	"bmor"
11	"11049"	16.4	16.032817	"bmor"
11	"11051"	4.75	2.306967	"bmor"
11	"11052"	13.7	12.769189	"bmor"
11	"11053"	24.35	19.226524	"bmor"
11	"11054"	11.6	9.412683	"bmor"
11	"11056"	11.85	10.224738	"bmor"
11	"11057"	9.2	4.966574	"bmor"
11	"11058"	12.35	10.74688	"bmor"
11	"11058"	12.35	10.746437	"bmor"
11	"11059"	28.3	21.962454	"bmor"
11	"11060"	5	2.465932	"bmor"
11	"11060"	5	2.465818	"bmor"
11	"11060"	5	2.465989	"bmor"
11	"11061"	19.3	17.541307	"bmor"
11	"11062"	4.75	1.951747	"bmor"
11	"11063"	30.95	22.70822	"bmor"
11	"11064"	20.6	17.919843	"bmor"
11	"11065"	13.45	12.462594	"bmor"
11	"11068"	19.3	17.735417	"bmor"
11	"11069"	11.35	9.203754	"bmor"
11	"11070"	18	16.995547	"bmor"
11	"11071"	25.4	19.625899	"bmor"
11	"11072"	8.95	4.112119	"bmor"
11	"11073"	15.3	14.984221	"bmor"
11	"11074"	10.3	7.16245	"bmor"
11	"11076"	9.75	6.732938	"bmor"
11	"11077"	15.85	15.700177	"bmor"
11	"11080"	0	0.482978	"bmor"
11	"11081"	12.35	11.007003	"bmor"
11	"11083"	9.75	6.08681	"bmor"
11	"11084"	3.95	1.708969	"bmor"
11	"11085"	27.5	20.292862	"bmor"
11	"11086"	7.1	2.911548	"bmor"
11	"11087"	12.35	10.969574	"bmor"
11	"11088"	12.1	10.551481	"bmor"
11	"11089"	11.1	8.439171	"bmor"
11	"11090"	12.1	10.543398	"bmor"
11	"11092"	31.85	23.917184	"bmor"
11	"11093"	27.75	20.49692	"bmor"
11	"11094"	13.7	12.848676	"bmor"
11	"11095"	12.9	11.688867	"bmor"
11	"11096"	0	0.496706	"bmor"
11	"11097"	14.5	13.556745	"bmor"
11	"11098"	10.3	7.837366	"bmor"
11	"11099"	32	24.050282	"bmor"
11	"11100"	27.75	20.474994	"bmor"
11	"11101"	12.1	10.54254	"bmor"
11	"11102"	4.5	1.847204	"bmor"
11	"11103"	3.7	1.539988	"bmor"
11	"11104"	4.75	1.941794	"bmor"
12	"12001"	10	5.556435	"bmor"
12	"12002"	16.9	11.200366	"bmor"
12	"12003"	6.3	2.930968	"bmor"
12	"12004"	17.4	12.286179	"bmor"
12	"12005"	10.25	5.563215	"bmor"
12	"12006"	13.65	7.207479	"bmor"
12	"12007"	16.9	11.192074	"bmor"
12	"12008"	13.65	7.06269	"bmor"
12	"12009"	14.75	9.293551	"bmor"
12	"12010"	17.4	13.012104	"bmor"
12	"12011"	14.2	8.373292	"bmor"
12	"12012"	17.4	12.001672	"bmor"
12	"12013"	22.15	16.599263	"bmor"
12	"12014"	16.35	10.073327	"bmor"
12	"12015"	17.95	13.157939	"bmor"
12	"12016"	3.4	1.971757	"bmor"
12	"12017"	8.4	4.751867	"bmor"
12	"12018"	8.15	4.419641	"bmor"
12	"12019"	5.75	2.660834	"bmor"
12	"12020"	12.75	6.64306	"bmor"
12	"12021"	11.85	6.390534	"bmor"
12	"12022"	11.6	6.072035	"bmor"
12	"12023"	22.15	16.580879	"bmor"
12	"12024"	26.45	20.033623	"bmor"
12	"12025"	17.95	13.182057	"bmor"
12	"12028"	22.15	16.556387	"bmor"
12	"12029"	13.65	7.557746	"bmor"
12	"12030"	7.6	3.92936	"bmor"
12	"12031"	16.35	10.132429	"bmor"
12	"12032"	21.55	15.284359	"bmor"
12	"12033"	14.2	8.708539	"bmor"
12	"12034"	0	0.036705	"bmor"
12	"12035"	8.15	4.348671	"bmor"
12	"12036"	18.75	13.814846	"bmor"
12	"12037"	17.4	12.035052	"bmor"
12	"12038"	25.35	18.329536	"bmor"
12	"12039"	25.9	18.776708	"bmor"
12	"12040"	4.95	2.564852	"bmor"
12	"12041"	20.05	14.797952	"bmor"
12	"12044"	3.15	1.846954	"bmor"
12	"12045"	8.65	4.586021	"bmor"
12	"12049"	13.65	7.615031	"bmor"
12	"12050"	14.2	8.693867	"bmor"
12	"12051"	14.75	9.351723	"bmor"
12	"12052"	25.35	18.496845	"bmor"
12	"12053"	6.3	2.986931	"bmor"
12	"12054"	17.15	11.508032	"bmor"
12	"12055"	0	0.125943	"bmor"
12	"12056"	4.45	2.066607	"bmor"
12	"12057"	10.25	5.63275	"bmor"
12	"12058"	25.35	18.533274	"bmor"
12	"12059"	15.8	9.992128	"bmor"
12	"12060"	10.8	5.923186	"bmor"
12	"12061"	6.95	3.282536	"bmor"
12	"12062"	17.4	11.632226	"bmor"
12	"12063"	25.9	18.774765	"bmor"
12	"12064"	10	5.517273	"bmor"
12	"12065"	9.65	5.380501	"bmor"
12	"12066"	14.2	8.756635	"bmor"
12	"12067"	8.65	4.646652	"bmor"
12	"12068"	4.7	2.15345	"bmor"
12	"12070"	26.7	19.263562	"bmor"
12	"12071"	21.55	15.301173	"bmor"
12	"12072"	10.25	5.815323	"bmor"
12	"12074"	11.6	6.197856	"bmor"
12	"12075"	6.95	3.571861	"bmor"
12	"12076"	0.25	0.546277	"bmor"
13	"13001"	13.7	11.433084	"bmor"
13	"13002"	12.95	9.965014	"bmor"
13	"13003"	22	16.401264	"bmor"
13	"13004"	12.4	9.102232	"bmor"
13	"13005"	16.9	13.528336	"bmor"
13	"13006"	17.7	14.668527	"bmor"
13	"13007"	12.4	8.811265	"bmor"
13	"13008"	12.4	9.766088	"bmor"
13	"13009"	10.05	6.504846	"bmor"
13	"13010"	5.55	3.109534	"bmor"
13	"13011"	13.95	11.942956	"bmor"
13	"13012"	22.4	16.505237	"bmor"
13	"13013"	16.35	13.189136	"bmor"
13	"13014"	13.45	10.908794	"bmor"
13	"13015"	11.05	8.205925	"bmor"
13	"13016"	12.4	9.567131	"bmor"
13	"13017"	12.4	9.183084	"bmor"
13	"13018"	18.5	14.828617	"bmor"
13	"13019"	12.4	8.972099	"bmor"
13	"13020"	12.95	9.820271	"bmor"
13	"13021"	22.4	16.705889	"bmor"
13	"13022"	12.4	9.473995	"bmor"
13	"13023"	10.05	6.494305	"bmor"
13	"13024"	12.95	9.817857	"bmor"
13	"13025"	12.4	9.345747	"bmor"
13	"13026"	21.45	16.091184	"bmor"
13	"13027"	10.05	6.622024	"bmor"
13	"13028"	1.05	0.960469	"bmor"
13	"13029"	13.95	12.139253	"bmor"
13	"13030"	12.95	9.978556	"bmor"
13	"13031"	5.55	3.145887	"bmor"
13	"13032"	10.3	6.961909	"bmor"
13	"13033"	9	5.372247	"bmor"
13	"13034"	8.45	4.930336	"bmor"
13	"13035"	10.55	7.076141	"bmor"
13	"13036"	11.05	8.065608	"bmor"
13	"13037"	10.55	7.642904	"bmor"
13	"13038"	1.05	1.126342	"bmor"
13	"13039"	12.4	9.688939	"bmor"
13	"13040"	24.6	17.577181	"bmor"
13	"13041"	16.9	13.427612	"bmor"
13	"13043"	10.3	6.903075	"bmor"
13	"13044"	10.3	6.931266	"bmor"
13	"13045"	3.7	2.560825	"bmor"
13	"13047"	12.4	9.437025	"bmor"
13	"13048"	9	5.360925	"bmor"
13	"13049"	10.3	7.410312	"bmor"
13	"13051"	14.75	12.27991	"bmor"
13	"13052"	13.2	10.696897	"bmor"
13	"13053"	12.95	10.106581	"bmor"
13	"13054"	6.1	3.26784	"bmor"
13	"13055"	8.2	4.387985	"bmor"
13	"13056"	16.9	13.454857	"bmor"
13	"13057"	12.4	8.703683	"bmor"
13	"13058"	8.45	4.861842	"bmor"
13	"13060"	12.95	9.976567	"bmor"
13	"13061"	0	0.634949	"bmor"
13	"13062"	12.4	9.237874	"bmor"
13	"13063"	23.4	16.938237	"bmor"
13	"13065"	11.05	8.029555	"bmor"
13	"13066"	12.4	9.264578	"bmor"
13	"13067"	13.45	11.283906	"bmor"
13	"13068"	11.05	7.905493	"bmor"
13	"13069"	8.2	4.095568	"bmor"
13	"13070"	1.05	0.901902	"bmor"
13	"13071"	0	0.069538	"bmor"
13	"13072"	10.05	6.344553	"bmor"
13	"13073"	6.9	3.615618	"bmor"
13	"13074"	20.65	15.624206	"bmor"
13	"13075"	10.3	6.953384	"bmor"
13	"13076"	12.95	10.045688	"bmor"
13	"13077"	11.05	8.431345	"bmor"
13	"13078"	10.05	6.744282	"bmor"
13	"13079"	17.45	14.526365	"bmor"
13	"13080"	12.95	10.088514	"bmor"
13	"13081"	8.45	4.412646	"bmor"
13	"13082"	11.05	8.041082	"bmor"
13	"13083"	11.05	8.034585	"bmor"
13	"13084"	4	2.594781	"bmor"
13	"13086"	12.4	9.489589	"bmor"
13	"13087"	14.75	12.51998	"bmor"
13	"13089"	9.25	5.529009	"bmor"
13	"13090"	20.65	15.590587	"bmor"
13	"13091"	13.7	11.606893	"bmor"
13	"13092"	11.05	8.115967	"bmor"
13	"13093"	7.15	3.838772	"bmor"
13	"13094"	4	2.57545	"bmor"
13	"13095"	13.95	11.808651	"bmor"
13	"13097"	13.95	11.745721	"bmor"
13	"13099"	21.2	15.864021	"bmor"
13	"13100"	11.05	8.291056	"bmor"
13	"13101"	10.8	7.69058	"bmor"
13	"13102"	12.4	9.281783	"bmor"
13	"13103"	24.6	17.701569	"bmor"
13	"13104"	19.05	15.015548	"bmor"
13	"13105"	17.45	14.423537	"bmor"
13	"13106"	13.45	11.037355	"bmor"
13	"13107"	14.75	12.620259	"bmor"
13	"13108"	11.85	8.537754	"bmor"
13	"13109"	5.55	3.106311	"bmor"
13	"13111"	12.4	9.636912	"bmor"
14	"14001"	5.25	3.01994	"bmor"
14	"14003"	12.4	6.198019	"bmor"
14	"14004"	25.45	14.836394	"bmor"
14	"14005"	3.2	2.082095	"bmor"
14	"14006"	9.5	4.22215	"bmor"
14	"14007"	9.5	4.037658	"bmor"
14	"14008"	22.55	12.438696	"bmor"
14	"14009"	0	0.250985	"bmor"
14	"14010"	22.55	11.749637	"bmor"
14	"14011"	2.65	1.548092	"bmor"
14	"14012"	0	0.186079	"bmor"
14	"14013"	23.35	13.247233	"bmor"
14	"14014"	2.9	1.716667	"bmor"
14	"14015"	22.55	12.377667	"bmor"
14	"14016"	12.4	6.274278	"bmor"
14	"14018"	12.9	7.245974	"bmor"
14	"14021"	14	8.089196	"bmor"
14	"14022"	4.45	2.295686	"bmor"
14	"14023"	22	10.788046	"bmor"
14	"14024"	11.6	5.889241	"bmor"
14	"14025"	4.45	2.339238	"bmor"
14	"14026"	17.2	9.14056	"bmor"
14	"14027"	25.2	14.519	"bmor"
14	"14028"	5	2.879544	"bmor"
14	"14029"	9.75	4.302804	"bmor"
14	"14030"	12.4	6.237998	"bmor"
14	"14031"	23.1	12.842908	"bmor"
14	"14031"	23.1	12.842974	"bmor"
14	"14031"	23.1	12.843174	"bmor"
14	"14031"	23.1	12.843107	"bmor"
14	"14031"	23.1	12.84304	"bmor"
14	"14031"	23.1	12.842775	"bmor"
14	"14032"	6.05	3.321801	"bmor"
14	"14033"	13.45	7.646824	"bmor"
14	"14034"	25.2	14.589602	"bmor"
14	"14036"	25.45	15.624563	"bmor"
14	"14037"	12.65	6.841105	"bmor"
14	"14038"	20.15	10.455883	"bmor"
14	"14039"	12	6.06664	"bmor"
14	"14040"	3.2	2.091973	"bmor"
14	"14041"	11.6	5.778669	"bmor"
14	"14042"	12.65	6.464482	"bmor"
14	"14044"	14	8.124968	"bmor"
14	"14046"	0	1.082618	"bmor"
14	"14047"	9.75	4.264286	"bmor"
14	"14048"	7.65	3.523469	"bmor"
15	"15001"	0	0.794552	"bmor"
15	"15002"	11	12.153472	"bmor"
15	"15003"	9.75	9.421771	"bmor"
15	"15004"	11	12.18318	"bmor"
15	"15005"	4.75	5.784648	"bmor"
15	"15006"	8.2	7.921616	"bmor"
15	"15007"	18	17.688751	"bmor"
15	"15008"	0	0.984999	"bmor"
15	"15009"	14.9	15.448726	"bmor"
15	"15010"	1.3	3.673841	"bmor"
15	"15011"	9.5	8.747312	"bmor"
15	"15012"	20.95	19.012408	"bmor"
15	"15013"	1.3	3.689645	"bmor"
15	"15014"	12.8	14.420974	"bmor"
15	"15015"	7.05	7.154343	"bmor"
15	"15016"	3.45	5.377514	"bmor"
15	"15017"	12.8	13.960356	"bmor"
15	"15018"	0.8	2.360359	"bmor"
15	"15019"	10	10.700233	"bmor"
15	"15020"	10.25	11.003865	"bmor"
15	"15021"	12.55	13.617211	"bmor"
15	"15022"	4.75	5.9171	"bmor"
15	"15023"	10.5	11.172446	"bmor"
15	"15024"	10.5	11.179277	"bmor"
15	"15025"	8.45	8.079844	"bmor"
15	"15026"	1.85	4.195529	"bmor"
15	"15027"	8.2	7.899803	"bmor"
15	"15028"	12.8	14.204084	"bmor"
15	"15029"	0.8	1.900855	"bmor"
15	"15030"	1.85	4.073628	"bmor"
15	"15031"	9.75	9.562456	"bmor"
15	"15032"	1.05	2.958208	"bmor"
15	"15033"	0.8	2.549256	"bmor"
15	"15034"	8.2	7.979081	"bmor"
15	"15035"	1.85	4.159226	"bmor"
15	"15036"	12.55	13.246693	"bmor"
15	"15037"	10.5	11.159756	"bmor"
15	"15038"	3.2	5.169242	"bmor"
15	"15039"	0.8	1.590275	"bmor"
15	"15040"	1.85	4.11939	"bmor"
15	"15041"	9.5	8.496721	"bmor"
15	"15042"	12.8	14.388048	"bmor"
15	"15043"	12.55	13.285388	"bmor"
15	"15044"	1.3	3.780941	"bmor"
15	"15049"	16.2	16.309673	"bmor"
15	"15050"	9.75	9.516058	"bmor"
15	"15051"	2.65	4.869337	"bmor"
15	"15053"	0.8	2.643911	"bmor"
15	"15054"	12.8	14.280784	"bmor"
15	"15055"	12.8	13.965927	"bmor"
15	"15056"	20.4	18.861365	"bmor"
15	"15057"	18.3	17.956336	"bmor"
15	"15058"	9.5	8.550627	"bmor"
15	"15059"	8.95	8.257801	"bmor"
15	"15060"	10.5	11.11444	"bmor"
15	"15061"	12.55	13.755177	"bmor"
15	"15062"	8.2	7.499013	"bmor"
15	"15065"	10.25	10.998061	"bmor"
15	"15066"	12.55	13.632011	"bmor"
15	"15069"	15.15	15.566459	"bmor"
15	"15071"	2.65	4.762374	"bmor"
15	"15072"	11	12.218835	"bmor"
15	"15073"	1.3	3.573939	"bmor"
15	"15074"	13.6	15.035766	"bmor"
15	"15075"	7.85	7.366934	"bmor"
15	"15076"	15.4	15.938091	"bmor"
15	"15077"	11.3	12.302704	"bmor"
15	"15078"	10.75	11.492529	"bmor"
15	"15087"	20.15	18.540075	"bmor"
15	"15088"	0.8	2.287679	"bmor"
15	"15089"	10	9.666293	"bmor"
15	"15092"	0	1.031709	"bmor"
15	"15093"	10.5	11.148061	"bmor"
15	"15094"	10.25	10.980988	"bmor"
15	"15095"	9.5	8.595639	"bmor"
15	"15096"	13.6	14.680793	"bmor"
15	"15097"	20.95	19.25939	"bmor"
15	"15098"	0.55	1.356952	"bmor"
15	"15099"	0.8	2.198682	"bmor"
15	"15100"	13.6	14.815233	"bmor"
15	"15101"	11	12.004645	"bmor"
15	"15102"	10.25	10.986742	"bmor"
15	"15103"	15.95	16.146362	"bmor"
15	"15104"	1.05	3.118964	"bmor"
15	"15105"	4.75	5.879374	"bmor"
15	"15106"	0.8	2.321267	"bmor"
15	"15107"	8.7	8.186333	"bmor"
15	"15109"	20.4	18.829621	"bmor"
15	"15110"	2.65	4.792668	"bmor"
15	"15111"	0.55	1.380041	"bmor"
15	"15113"	1.85	4.029329	"bmor"
15	"15114"	1.85	4.150736	"bmor"
15	"15115"	9.5	8.713636	"bmor"
15	"15116"	10.75	11.544641	"bmor"
15	"15118"	11	12.127891	"bmor"
15	"15119"	0.8	1.678832	"bmor"
16	"16001"	26.35	14.762275	"bmor"
16	"16002"	20.65	12.320049	"bmor"
16	"16003"	25.05	13.377049	"bmor"
16	"16004"	11.4	5.794592	"bmor"
16	"16005"	1.05	0.489963	"bmor"
16	"16006"	3.4	1.016247	"bmor"
16	"16007"	15.55	8.770809	"bmor"
16	"16008"	15.55	8.01646	"bmor"
16	"16009"	15.55	9.099299	"bmor"
16	"16011"	26.9	14.997313	"bmor"
16	"16012"	1.05	0.48934	"bmor"
16	"16013"	10.8	5.186852	"bmor"
16	"16014"	16.4	10.845537	"bmor"
16	"16015"	26.35	14.799999	"bmor"
16	"16016"	10.05	3.999113	"bmor"
16	"16017"	26.9	14.894389	"bmor"
16	"16018"	10.55	4.728757	"bmor"
16	"16019"	23.75	13.090823	"bmor"
16	"16020"	11.4	5.621342	"bmor"
16	"16021"	10.8	4.80095	"bmor"
16	"16022"	26.9	14.966084	"bmor"
16	"16024"	0	0.060098	"bmor"
16	"16025"	20.05	11.901017	"bmor"
16	"16031"	9.5	3.370141	"bmor"
16	"16032"	10.55	4.557581	"bmor"
16	"16033"	26.9	14.948402	"bmor"
16	"16034"	14.75	7.77434	"bmor"
16	"16035"	13.7	7.10197	"bmor"
16	"16036"	15.55	8.528266	"bmor"
16	"16037"	9.5	3.222338	"bmor"
16	"16038"	1.3	0.669511	"bmor"
16	"16039"	15.55	8.007226	"bmor"
16	"16040"	7.2	1.988556	"bmor"
16	"16041"	15.55	8.450521	"bmor"
16	"16042"	11.4	5.750464	"bmor"
16	"16043"	10.55	4.650861	"bmor"
16	"16044"	10.3	4.165197	"bmor"
16	"16045"	15.55	8.980195	"bmor"
16	"16046"	25.7	14.105779	"bmor"
16	"16047"	12.65	6.46747	"bmor"
16	"16048"	11.4	5.471496	"bmor"
16	"16049"	9.5	3.378347	"bmor"
16	"16050"	3.4	1.053211	"bmor"
16	"16051"	25.7	14.392252	"bmor"
16	"16052"	15.55	9.117066	"bmor"
16	"16053"	9.25	2.676189	"bmor"
16	"16054"	15.55	8.026047	"bmor"
16	"16055"	15.55	8.633385	"bmor"
17	"17001"	6.05	2.609367	"bmor"
17	"17001"	6.05	2.609452	"bmor"
17	"17002"	15.6	11.973532	"bmor"
17	"17003"	19.3	14.159519	"bmor"
17	"17004"	21.95	16.009461	"bmor"
17	"17004"	21.95	16.008009	"bmor"
17	"17005"	19.3	14.45582	"bmor"
17	"17006"	11.9	10.42124	"bmor"
17	"17007"	8.2	4.156378	"bmor"
17	"17008"	10.3	6.458593	"bmor"
17	"17009"	10.3	6.085322	"bmor"
17	"17010"	22.75	17.494644	"bmor"
17	"17011"	10.3	7.907468	"bmor"
17	"17012"	8.45	3.790068	"bmor"
17	"17012"	8.45	3.790049	"bmor"
17	"17013"	12.7	9.091288	"bmor"
17	"17014"	10.3	6.322338	"bmor"
17	"17015"	0.9	0.621443	"bmor"
17	"17016"	6.9	3.020498	"bmor"
17	"17017"	11.1	6.854222	"bmor"
17	"17018"	21.95	16.038954	"bmor"
17	"17019"	2.9	1.557151	"bmor"
17	"17020"	23.25	18.194942	"bmor"
17	"17021"	14.3	11.27189	"bmor"
17	"17022"	6.9	2.892087	"bmor"
17	"17024"	12.45	10.52937	"bmor"
17	"17025"	11.1	7.128711	"bmor"
17	"17026"	22.75	16.627931	"bmor"
17	"17027"	8.45	5.046328	"bmor"
17	"17028"	8.2	4.356377	"bmor"
17	"17029"	14.55	11.55254	"bmor"
17	"17031"	11.1	8.429849	"bmor"
17	"17032"	21.4	15.975798	"bmor"
17	"17035"	18	12.824795	"bmor"
17	"17036"	19.05	13.936623	"bmor"
17	"17040"	23.25	18.10559	"bmor"
17	"17041"	22.75	16.576294	"bmor"
17	"17042"	20.1	14.843359	"bmor"
17	"17043"	2.9	1.424224	"bmor"
17	"17044"	10.3	6.523625	"bmor"
17	"17047"	9.25	5.863878	"bmor"
17	"17048"	19.05	14.015112	"bmor"
17	"17049"	8.2	4.978721	"bmor"
17	"17050"	12.45	10.594198	"bmor"
17	"17051"	18.25	13.012291	"bmor"
17	"17053"	23.25	18.086563	"bmor"
17	"17054"	0	0.153323	"bmor"
17	"17055"	23.25	17.995742	"bmor"
17	"17056"	19.05	13.911184	"bmor"
17	"17057"	19.3	14.084262	"bmor"
17	"17058"	23	17.618649	"bmor"
17	"17059"	0.9	0.59988	"bmor"
17	"17060"	20.1	15.018664	"bmor"
17	"17060"	20.1	15.0655	"bmor"
17	"17061"	10.3	6.102653	"bmor"
17	"17062"	19.3	14.089627	"bmor"
17	"17063"	2.65	1.110254	"bmor"
17	"17063"	2.65	3.608415	"bmor"
18	"18001"	10.35	7.465032	"bmor"
18	"18002"	3.75	4.059938	"bmor"
18	"18003"	12.25	9.002955	"bmor"
18	"18004"	9.55	7.117102	"bmor"
18	"18005"	15.7	11.816078	"bmor"
18	"18006"	1.35	0.881343	"bmor"
18	"18007"	9.3	6.536496	"bmor"
18	"18008"	0	8.588491	"bmor"
18	"18009"	9.3	6.78789	"bmor"
18	"18010"	12.5	9.163532	"bmor"
18	"18011"	19.7	13.161919	"bmor"
18	"18012"	8.5	5.302407	"bmor"
18	"18013"	15.15	11.207285	"bmor"
18	"18014"	9.3	6.375814	"bmor"
18	"18015"	11.7	8.078677	"bmor"
18	"18016"	11.7	8.151151	"bmor"
18	"18017"	3.75	3.173056	"bmor"
18	"18018"	12.5	9.347093	"bmor"
18	"18019"	12.75	9.074409	"bmor"
18	"18021"	14.9	11.00571	"bmor"
18	"18022"	24.25	15.536063	"bmor"
18	"18023"	9.3	6.375076	"bmor"
18	"18024"	14.9	11.074979	"bmor"
18	"18025"	3.75	4.116144	"bmor"
18	"18026"	3.75	3.09322	"bmor"
18	"18027"	9.55	7.04157	"bmor"
18	"18028"	3.75	3.193486	"bmor"
18	"18030"	18.1	12.623515	"bmor"
18	"18031"	10.35	7.502878	"bmor"
18	"18032"	4	4.306981	"bmor"
18	"18033"	12.75	10.18562	"bmor"
18	"18034"	1.35	0.959462	"bmor"
18	"18035"	12.5	9.645658	"bmor"
18	"18036"	5.05	4.780811	"bmor"
18	"18037"	3.75	3.886625	"bmor"
18	"18038"	13.3	10.369661	"bmor"
18	"18039"	9.3	6.619486	"bmor"
18	"18040"	9.3	6.072032	"bmor"
18	"18041"	0	0.248155	"bmor"
18	"18042"	11.7	8.134926	"bmor"
18	"18043"	13.85	10.580649	"bmor"
18	"18044"	15.15	11.556777	"bmor"
18	"18045"	9.3	6.670178	"bmor"
18	"18046"	12.25	8.810314	"bmor"
18	"18047"	19.7	13.245188	"bmor"
18	"18048"	3.75	4.09716	"bmor"
18	"18049"	0.55	0.634298	"bmor"
18	"18051"	18.1	12.546125	"bmor"
18	"18052"	11.7	8.008133	"bmor"
18	"18053"	12.25	8.807147	"bmor"
18	"18054"	15.15	11.450196	"bmor"
18	"18055"	12.75	10.151348	"bmor"
18	"18057"	18.1	12.461198	"bmor"
18	"18058"	9.55	7.13721	"bmor"
18	"18059"	8.5	5.514323	"bmor"
18	"18060"	11.7	8.145027	"bmor"
18	"18061"	23.45	15.370317	"bmor"
18	"18063"	24.25	15.511721	"bmor"
18	"18064"	11.15	7.690959	"bmor"
18	"18065"	22.9	14.535172	"bmor"
18	"18066"	14.9	4.335873	"bmor"
18	"18068"	16.25	12.15118	"bmor"
18	"18069"	14.9	11.118804	"bmor"
18	"18070"	12.25	9.066759	"bmor"
18	"18071"	6.1	5.102523	"bmor"
18	"18072"	9.3	6.326806	"bmor"
18	"18074"	15.15	11.442857	"bmor"
18	"18075"	11.15	7.66515	"bmor"
18	"18076"	9.3	6.620162	"bmor"
18	"18077"	22.35	14.272066	"bmor"
18	"18078"	23.7	15.464518	"bmor"
18	"18079"	12.5	9.182525	"bmor"
19	"19001"	15.45	9.227813	"bmor"
19	"19002"	0	0.714748	"bmor"
19	"19003"	16.3	10.048554	"bmor"
19	"19004"	16.8	10.866912	"bmor"
19	"19005"	10	5.346625	"bmor"
19	"19006"	20.25	12.469499	"bmor"
19	"19007"	8.45	3.75905	"bmor"
19	"19008"	16.55	10.722986	"bmor"
19	"19009"	10	4.930752	"bmor"
19	"19010"	8.7	4.176652	"bmor"
19	"19011"	5.3	2.244534	"bmor"
19	"19012"	16.05	9.867741	"bmor"
19	"19013"	12.6	7.773066	"bmor"
19	"19014"	17.05	11.140335	"bmor"
19	"19015"	12.6	7.479538	"bmor"
19	"19016"	12.85	8.401742	"bmor"
19	"19019"	8.95	4.545169	"bmor"
19	"19021"	24.2	14.288455	"bmor"
19	"19022"	23.65	14.242871	"bmor"
19	"19024"	13.4	8.869081	"bmor"
19	"19025"	6.35	3.179574	"bmor"
19	"19029"	12.85	8.377087	"bmor"
19	"19030"	23.65	14.170759	"bmor"
19	"19031"	8.95	4.738578	"bmor"
19	"19032"	21.55	13.577585	"bmor"
19	"19033"	22.6	13.694631	"bmor"
19	"19034"	24.5	15.17816	"bmor"
19	"19035"	8.45	3.466894	"bmor"
19	"19036"	11.3	5.750898	"bmor"
19	"19037"	23.65	14.178797	"bmor"
19	"19038"	10	4.939145	"bmor"
19	"19039"	13.4	8.872457	"bmor"
19	"19041"	16.05	10.00233	"bmor"
19	"19041"	16.05	10.002419	"bmor"
19	"19042"	8.45	3.517531	"bmor"
19	"19043"	9.2	4.803887	"bmor"
19	"19044"	20.25	11.970486	"bmor"
19	"19046"	8.7	4.050677	"bmor"
19	"19047"	12.85	8.3758	"bmor"
19	"19049"	10	4.939586	"bmor"
20	"20001"	3.2	1.308671	"bmor"
20	"20002"	13.95	5.977034	"bmor"
20	"20003"	8.45	2.522752	"bmor"
20	"20005"	12.45	4.938492	"bmor"
20	"20006"	10.35	3.233192	"bmor"
2	"2001"	15.8	6.474917	"bmor"
20	"20010"	13.95	7.028327	"bmor"
20	"20011"	14.25	7.455409	"bmor"
20	"20012"	12.7	5.154508	"bmor"
20	"20013"	16.7	9.698342	"bmor"
20	"20014"	12.45	4.829814	"bmor"
20	"20015"	16.15	8.721135	"bmor"
20	"20019"	0.55	0.285798	"bmor"
2	"2002"	8.65	4.254306	"bmor"
20	"20020"	22.3	11.67762	"bmor"
20	"20021"	16.7	9.073699	"bmor"
20	"20022"	10.6	3.644381	"bmor"
20	"20023"	0	0.14437	"bmor"
20	"20024"	26.75	14.489723	"bmor"
20	"20026"	22.3	11.760025	"bmor"
20	"20027"	22.05	11.206563	"bmor"
20	"20028"	10.35	3.237498	"bmor"
20	"20029"	14.8	7.543154	"bmor"
2	"2003"	13.7	6.378738	"bmor"
20	"20030"	13.95	6.731484	"bmor"
20	"20031"	13.95	6.746052	"bmor"
20	"20032"	9.45	2.698795	"bmor"
20	"20033"	23.35	12.720133	"bmor"
2	"2004"	0	0.111618	"bmor"
2	"2005"	6.95	1.772199	"bmor"
2	"2006"	5.95	1.465635	"bmor"
2	"2007"	8.65	4.16287	"bmor"
2	"2008"	7.3	1.885053	"bmor"
2	"2008"	7.3	1.8584	"bmor"
2	"2009"	8.4	3.767103	"bmor"
2	"2010"	7.85	3.176947	"bmor"
2	"2011"	5.95	1.264603	"bmor"
2	"2012"	7.3	2.446863	"bmor"
2	"2014"	9.2	5.039785	"bmor"
2	"2015"	10.8	5.429986	"bmor"
2	"2017"	16.7	6.757211	"bmor"
2	"2021"	8.65	3.957101	"bmor"
2	"2025"	0.3	0.208092	"bmor"
2	"2026"	20.45	7.984594	"bmor"
2	"2039"	13.7	6.375289	"bmor"
2	"2052"	23.8	9.186497	"bmor"
21	"21001"	11.85	9.845467	"bmor"
21	"21002"	8.7	8.986315	"bmor"
21	"21003"	8.15	6.979955	"bmor"
21	"21004"	11.3	9.610961	"bmor"
21	"21005"	22.45	18.198479	"bmor"
21	"21006"	8.7	7.424683	"bmor"
21	"21007"	8.7	7.87353	"bmor"
21	"21008"	8.7	7.226605	"bmor"
21	"21009"	0.55	0.348321	"bmor"
21	"21010"	3.2	3.229045	"bmor"
21	"21011"	16.35	12.733686	"bmor"
21	"21012"	6.85	6.338229	"bmor"
21	"21013"	2.15	2.224803	"bmor"
21	"21014"	6.6	5.272761	"bmor"
21	"21014"	6.6	5.27292	"bmor"
21	"21015"	6.85	6.342907	"bmor"
21	"21016"	8.95	8.427391	"bmor"
21	"21017"	7.1	6.475155	"bmor"
21	"21018"	0	0.01287	"bmor"
21	"21019"	20.05	15.717996	"bmor"
21	"21020"	16.35	12.73169	"bmor"
21	"21021"	17.15	13.289436	"bmor"
21	"21022"	22.2	17.792556	"bmor"
21	"21023"	18.2	14.050933	"bmor"
21	"21024"	21.65	17.558828	"bmor"
21	"21025"	17.4	13.619907	"bmor"
21	"21026"	8.15	6.918088	"bmor"
21	"21027"	11.3	9.429402	"bmor"
21	"21028"	21.65	17.324815	"bmor"
21	"21031"	8.15	6.925579	"bmor"
21	"21032"	9.25	8.787992	"bmor"
21	"21033"	21.65	17.196284	"bmor"
21	"21034"	19.5	15.155898	"bmor"
21	"21035"	21.1	16.56579	"bmor"
21	"21036"	13.25	10.959127	"bmor"
21	"21037"	3.2	3.311668	"bmor"
21	"21039"	10.5	9.081275	"bmor"
21	"21040"	12.7	10.504729	"bmor"
21	"21043"	8.7	7.932461	"bmor"
21	"21044"	8.7	8.065234	"bmor"
21	"21045"	3.8	3.482491	"bmor"
21	"21046"	21.1	16.565072	"bmor"
21	"21047"	8.95	8.464687	"bmor"
21	"21048"	5.3	4.100998	"bmor"
21	"21049"	6.6	4.981925	"bmor"
21	"21050"	10.5	9.305898	"bmor"
22	"22001"	24.4	19.667631	"bmor"
22	"22002"	11.4	7.278539	"bmor"
22	"22003"	13.25	9.529551	"bmor"
22	"22004"	11.4	7.287414	"bmor"
22	"22005"	14.05	10.444125	"bmor"
22	"22006"	18.55	14.891864	"bmor"
22	"22006"	18.55	14.981992	"bmor"
22	"22006"	18.55	14.892079	"bmor"
22	"22007"	11.95	8.552441	"bmor"
22	"22008"	14.3	12.011569	"bmor"
22	"22009"	7.15	4.035086	"bmor"
22	"22010"	13.25	9.235451	"bmor"
22	"22011"	20.3	16.677701	"bmor"
22	"22012"	7.95	4.94069	"bmor"
22	"22013"	14.3	13.216716	"bmor"
22	"22014"	0	1.132352	"bmor"
22	"22015"	11.95	10.996085	"bmor"
22	"22016"	13.25	9.396948	"bmor"
22	"22017"	9	5.947637	"bmor"
22	"22018"	24.95	20.257884	"bmor"
22	"22019"	24.4	19.719033	"bmor"
22	"22020"	12.2	8.708554	"bmor"
22	"22021"	11.4	7.756033	"bmor"
22	"22022"	7.95	4.987972	"bmor"
22	"22023"	29.45	22.676018	"bmor"
22	"22024"	19.6	16.079758	"bmor"
22	"22025"	4.5	2.386415	"bmor"
22	"22026"	11.95	8.067857	"bmor"
22	"22027"	20.7	17.839442	"bmor"
22	"22028"	11.4	7.280151	"bmor"
22	"22031"	12.45	9.00322	"bmor"
22	"22032"	14.05	10.4758	"bmor"
22	"22033"	20.3	16.844601	"bmor"
22	"22038"	0	1.362518	"bmor"
22	"22040"	8.75	5.766004	"bmor"
22	"22041"	14.3	13.052936	"bmor"
22	"22042"	13.8	9.854305	"bmor"
22	"22043"	27.05	21.62098	"bmor"
22	"22044"	29.95	22.926777	"bmor"
22	"22045"	27.6	21.932144	"bmor"
22	"22046"	0	1.36143	"bmor"
22	"22047"	12.45	8.771095	"bmor"
22	"22048"	13.25	9.554282	"bmor"
22	"22049"	15.9	13.68459	"bmor"
22	"22050"	18.55	14.739051	"bmor"
22	"22051"	29.95	22.843043	"bmor"
22	"22052"	11.95	11.50588	"bmor"
22	"22052"	11.95	8.279583	"bmor"
22	"22053"	0	1.293886	"bmor"
22	"22054"	7.95	4.676829	"bmor"
22	"22055"	29.7	22.735794	"bmor"
22	"22056"	19.6	16.03731	"bmor"
22	"22057"	24.4	19.958222	"bmor"
22	"22059"	14.3	12.517581	"bmor"
22	"22060"	23.6	19.526338	"bmor"
22	"22061"	30.25	23.24408	"bmor"
22	"22062"	18.55	14.999414	"bmor"
22	"22064"	23.6	19.532878	"bmor"
22	"22065"	18.8	15.23245	"bmor"
22	"22066"	15.9	13.550152	"bmor"
22	"22067"	27.6	21.964801	"bmor"
22	"22068"	14.05	10.375689	"bmor"
22	"22069"	11.95	8.387835	"bmor"
22	"22070"	0	1.276693	"bmor"
22	"22071"	5.4	3.193652	"bmor"
22	"22072"	8.75	5.753071	"bmor"
22	"22075"	27.05	21.612205	"bmor"
22	"22076"	11.4	7.797367	"bmor"
22	"22077"	7.95	5.031249	"bmor"
22	"22078"	11.4	7.523788	"bmor"
22	"22079"	23	19.329619	"bmor"
22	"22080"	24.4	20.019125	"bmor"
22	"22081"	27.6	21.972457	"bmor"
22	"22082"	26	21.207074	"bmor"
22	"22083"	27.6	21.808858	"bmor"
22	"22084"	7.4	4.629472	"bmor"
23	"23001"	14.05	10.563318	"bmor"
23	"23002"	18.5	17.010818	"bmor"
23	"23003"	11.1	6.979623	"bmor"
23	"23004"	12.45	9.711982	"bmor"
23	"23005"	14.05	10.179215	"bmor"
23	"23006"	10.85	6.799193	"bmor"
23	"23007"	13	9.908267	"bmor"
23	"23008"	18.25	15.576454	"bmor"
23	"23010"	1.6	2.717102	"bmor"
23	"23011"	15.6	12.45183	"bmor"
23	"23012"	15.35	12.157847	"bmor"
23	"23013"	12.45	9.846622	"bmor"
23	"23014"	11.65	7.582836	"bmor"
23	"23015"	10.85	6.894466	"bmor"
23	"23016"	11.65	7.933481	"bmor"
23	"23017"	9.25	6.129338	"bmor"
23	"23018"	13.25	9.935066	"bmor"
23	"23019"	9	5.926187	"bmor"
23	"23020"	0	0.19956	"bmor"
23	"23021"	15.1	11.885659	"bmor"
23	"23022"	9.25	6.097909	"bmor"
23	"23023"	15.1	11.772126	"bmor"
23	"23024"	20.3	18.840977	"bmor"
23	"23025"	15.1	12.026312	"bmor"
23	"23026"	13.25	9.97551	"bmor"
23	"23027"	6.1	4.743608	"bmor"
23	"23028"	10.85	6.74814	"bmor"
23	"23029"	15.6	13.246811	"bmor"
23	"23030"	7.95	5.271515	"bmor"
23	"23031"	12.2	9.491859	"bmor"
23	"23032"	16.9	13.812509	"bmor"
23	"23033"	14.55	11.54071	"bmor"
23	"23034"	13	9.909925	"bmor"
23	"23035"	18.5	16.273363	"bmor"
23	"23036"	14.55	11.540015	"bmor"
23	"23037"	11.65	7.80353	"bmor"
23	"23038"	14.55	11.571695	"bmor"
23	"23039"	11.65	7.335058	"bmor"
23	"23040"	9.25	6.043325	"bmor"
23	"23041"	20.05	18.695902	"bmor"
23	"23041"	20.05	18.696426	"bmor"
23	"23042"	18.75	17.36019	"bmor"
23	"23043"	7.95	5.452885	"bmor"
23	"23044"	12.2	9.634995	"bmor"
23	"23045"	12.2	8.802053	"bmor"
23	"23046"	19	18.013977	"bmor"
23	"23047"	25.85	23.093494	"bmor"
23	"23048"	9.25	6.109551	"bmor"
23	"23049"	15.35	12.077422	"bmor"
23	"23050"	11.65	7.973473	"bmor"
23	"23051"	9.25	6.296377	"bmor"
23	"23052"	16.65	13.642627	"bmor"
23	"23053"	18.25	15.673325	"bmor"
23	"23054"	19	18.403195	"bmor"
23	"23055"	21.9	20.363221	"bmor"
23	"23056"	15.6	12.543823	"bmor"
23	"23057"	16.9	13.989359	"bmor"
23	"23063"	11.65	8.088029	"bmor"
23	"23064"	10.85	6.897192	"bmor"
23	"23065"	20.3	18.942729	"bmor"
23	"23066"	18.5	16.235134	"bmor"
23	"23067"	9.25	6.062815	"bmor"
23	"23068"	18.25	15.276309	"bmor"
23	"23069"	11.65	7.328817	"bmor"
23	"23070"	19	18.098706	"bmor"
23	"23071"	15.6	12.472743	"bmor"
23	"23072"	25.3	22.944449	"bmor"
23	"23073"	15.6	13.395068	"bmor"
23	"23074"	18.5	16.298765	"bmor"
23	"23075"	9	5.940948	"bmor"
23	"23076"	22.15	20.821354	"bmor"
23	"23077"	10.85	6.747416	"bmor"
23	"23078"	0.95	1.037633	"bmor"
23	"23079"	23.2	21.712602	"bmor"
23	"23080"	18.75	17.635116	"bmor"
23	"23080"	18.75	16.440642	"bmor"
23	"23081"	7.95	5.400967	"bmor"
23	"23082"	15.6	13.219407	"bmor"
23	"23083"	18.25	15.609448	"bmor"
23	"23084"	5.55	4.463538	"bmor"
23	"23085"	0.55	1.881639	"bmor"
23	"23086"	12.45	9.781876	"bmor"
23	"23087"	20.85	19.100555	"bmor"
23	"23088"	1.35	2.654264	"bmor"
23	"23090"	11.65	7.967097	"bmor"
23	"23091"	19	18.023462	"bmor"
23	"23092"	22.15	21.008987	"bmor"
23	"23093"	18.25	15.860043	"bmor"
23	"23095"	1.85	3.039987	"bmor"
23	"23096"	15.6	13.371136	"bmor"
23	"23097"	15.35	12.36743	"bmor"
23	"23098"	20.05	18.759388	"bmor"
23	"23099"	12.2	8.897706	"bmor"
23	"23100"	14.05	10.330484	"bmor"
23	"23101"	14.3	11.280071	"bmor"
23	"23103"	19	18.421422	"bmor"
23	"23104"	1.85	3.032273	"bmor"
24	"24001"	14.15	5.957154	"bmor"
24	"24002"	14.6	6.090887	"bmor"
24	"24003"	14.15	6.091492	"bmor"
24	"24004"	10.15	4.374665	"bmor"
24	"24006"	25.8	11.328096	"bmor"
24	"24007"	21.3	8.063041	"bmor"
24	"24008"	34.05	17.054094	"bmor"
24	"24009"	23.95	10.218987	"bmor"
24	"24010"	34.05	17.132096	"bmor"
24	"24011"	25.8	12.467466	"bmor"
24	"24013"	19.85	7.2547	"bmor"
24	"24014"	26.05	13.589654	"bmor"
24	"24015"	26.3	14.474249	"bmor"
24	"24016"	23.4	10.04385	"bmor"
24	"24017"	21.55	8.282813	"bmor"
24	"24020"	4.25	2.652814	"bmor"
24	"24021"	26.05	13.19289	"bmor"
24	"24022"	13.9	5.33382	"bmor"
24	"24023"	27.6	15.469198	"bmor"
24	"24024"	21.55	8.458514	"bmor"
24	"24026"	15.45	6.398207	"bmor"
24	"24030"	0	0.651073	"bmor"
24	"24032"	28.15	16.178768	"bmor"
24	"24033"	12.55	4.777786	"bmor"
24	"24035"	11.75	4.724858	"bmor"
24	"24036"	2.4	1.685146	"bmor"
24	"24037"	0	0.708496	"bmor"
25	"25001"	19.25	15.376805	"bmor"
25	"25002"	11.85	10.827453	"bmor"
25	"25003"	6.05	6.582965	"bmor"
25	"25004"	6.05	6.881119	"bmor"
25	"25005"	12.35	11.855516	"bmor"
25	"25006"	2.9	3.469738	"bmor"
25	"25007"	12.35	11.869367	"bmor"
25	"25008"	6.05	6.506023	"bmor"
25	"25009"	12.1	11.732747	"bmor"
25	"25010"	11.05	10.291057	"bmor"
25	"25011"	7.1	7.739397	"bmor"
25	"25012"	4.2	4.394233	"bmor"
25	"25013"	0	2.429137	"bmor"
25	"25014"	11.6	10.320407	"bmor"
25	"25015"	11.05	10.301801	"bmor"
25	"25016"	9.2	9.252958	"bmor"
25	"25017"	8.55	8.935467	"bmor"
25	"25018"	7.1	7.190326	"bmor"
25	"25019"	15.25	13.301877	"bmor"
25	"25020"	9.45	9.368338	"bmor"
25	"25021"	0	2.426212	"bmor"
25	"25022"	5.25	5.224617	"bmor"
25	"25023"	4.55	4.413591	"bmor"
25	"25024"	11.85	10.704618	"bmor"
25	"25025"	6.05	6.850694	"bmor"
25	"25026"	11.85	10.598789	"bmor"
25	"25029"	6.05	7.079972	"bmor"
25	"25030"	10.5	10.018636	"bmor"
25	"25031"	6.05	6.605998	"bmor"
25	"25032"	6.05	6.848104	"bmor"
25	"25033"	8.15	8.763071	"bmor"
25	"25034"	7.1	7.177855	"bmor"
25	"25037"	9.45	9.486661	"bmor"
25	"25038"	10.25	9.900158	"bmor"
25	"25040"	8.95	8.970339	"bmor"
25	"25041"	3.15	3.549888	"bmor"
25	"25042"	11.85	10.516972	"bmor"
25	"25043"	12.1	1.240201	"bmor"
25	"25043"	12.1	11.718418	"bmor"
25	"25044"	13.15	12.010461	"bmor"
25	"25045"	4.2	4.293801	"bmor"
25	"25046"	21.35	15.91946	"bmor"
25	"25047"	5.25	5.213457	"bmor"
25	"25048"	6.05	7.139657	"bmor"
25	"25049"	13.15	12.081525	"bmor"
25	"25051"	17.65	15.110632	"bmor"
25	"25052"	10.5	9.961868	"bmor"
25	"25053"	19.25	15.404493	"bmor"
25	"25057"	13.95	12.772014	"bmor"
25	"25058"	10.5	10.020987	"bmor"
25	"25059"	0.65	3.024881	"bmor"
25	"25060"	7.1	7.214865	"bmor"
25	"25061"	11.85	10.976042	"bmor"
25	"25063"	11.85	10.938061	"bmor"
25	"25065"	17.65	15.087357	"bmor"
26	"26001"	2.1	1.488122	"bmor"
26	"26002"	21.7	8.917064	"bmor"
26	"26003"	23.9	11.233347	"bmor"
26	"26004"	0	0.966229	"bmor"
26	"26005"	7.95	3.108408	"bmor"
26	"26006"	11.25	3.793333	"bmor"
26	"26007"	15.2	5.78344	"bmor"
26	"26009"	11.25	4.204747	"bmor"
26	"26019"	19.35	7.139087	"bmor"
26	"26020"	2.1	1.491613	"bmor"
26	"26021"	11.65	4.569572	"bmor"
26	"26023"	18	6.810525	"bmor"
26	"26024"	23.35	9.602638	"bmor"
26	"26025"	19.6	10.444629	"bmor"
26	"26026"	6.35	2.560111	"bmor"
26	"26027"	23.9	9.708592	"bmor"
26	"26028"	7.65	2.924791	"bmor"
26	"26029"	22.8	9.35766	"bmor"
26	"26031"	18.35	6.948306	"bmor"
26	"26036"	20.65	8.000633	"bmor"
26	"26037"	10.85	3.68414	"bmor"
26	"26039"	19.35	7.176254	"bmor"
26	"26042"	0.3	0.926473	"bmor"
26	"26046"	13.7	5.677955	"bmor"
3	"3001"	10.55	9.455941	"bmor"
3	"3003"	11.35	10.627057	"bmor"
3	"3005"	12.65	12.033102	"bmor"
3	"3006"	12.65	12.658407	"bmor"
3	"3007"	10.55	9.937033	"bmor"
3	"3008"	11.35	10.430862	"bmor"
3	"3009"	12.65	12.377096	"bmor"
3	"3010"	17.4	14.815412	"bmor"
3	"3012"	10.55	9.685866	"bmor"
3	"3013"	10.3	9.067506	"bmor"
3	"3014"	10.05	8.747501	"bmor"
3	"3015"	10.55	9.781174	"bmor"
3	"3016"	10.55	9.610884	"bmor"
3	"3017"	12.65	12.646828	"bmor"
3	"3018"	19.25	15.321763	"bmor"
3	"3019"	1.85	2.451373	"bmor"
3	"3020"	7.4	6.133396	"bmor"
3	"3021"	16.1	13.138654	"bmor"
3	"3022"	10.55	9.432514	"bmor"
3	"3023"	3.9	3.793751	"bmor"
3	"3024"	10.55	9.707781	"bmor"
3	"3025"	10.55	9.88238	"bmor"
3	"3026"	21.9	16.721564	"bmor"
3	"3026"	21.9	16.721972	"bmor"
3	"3027"	4.2	3.968233	"bmor"
3	"3029"	0.55	2.092696	"bmor"
3	"3031"	11.7	10.933255	"bmor"
3	"3032"	11.7	10.852974	"bmor"
3	"3033"	4.2	4.059273	"bmor"
3	"3034"	2.1	2.696461	"bmor"
3	"3042"	22.95	17.721141	"bmor"
3	"3043"	10.55	9.388234	"bmor"
3	"3044"	4.75	5.104619	"bmor"
3	"3045"	17.15	14.580022	"bmor"
3	"3046"	10.55	9.459342	"bmor"
3	"3047"	8.6	7.838274	"bmor"
3	"3048"	0	1.632033	"bmor"
3	"3049"	0.55	2.06187	"bmor"
3	"3051"	21.3	15.92987	"bmor"
3	"3053"	3.9	3.676916	"bmor"
3	"3054"	12.9	12.565738	"bmor"
3	"3055"	23.2	17.974761	"bmor"
3	"3056"	10.3	9.070193	"bmor"
3	"3057"	12.9	12.415859	"bmor"
3	"3058"	22.95	17.496416	"bmor"
3	"3059"	4.2	4.13087	"bmor"
3	"3060"	12.4	11.955641	"bmor"
3	"3061"	2.1	2.623914	"bmor"
3	"3064"	17.4	14.860642	"bmor"
3	"3065"	10.3	8.978901	"bmor"
4	"4001"	0	0.202944	"bmor"
4	"4002"	14.65	11.670407	"bmor"
4	"4003"	23.7	19.678627	"bmor"
4	"4004"	16.75	15.438802	"bmor"
4	"4005"	8.45	4.424083	"bmor"
4	"4006"	10.9	6.599894	"bmor"
4	"4007"	15.2	13.586317	"bmor"
4	"4008"	9	5.375942	"bmor"
4	"4009"	15.2	13.559394	"bmor"
4	"4010"	9.8	5.546343	"bmor"
4	"4011"	16.5	14.500707	"bmor"
4	"4012"	15.2	13.563066	"bmor"
4	"4013"	13.3	9.233995	"bmor"
4	"4014"	18.1	16.709841	"bmor"
4	"4014"	18.1	16.709878	"bmor"
4	"4015"	16.5	14.929332	"bmor"
4	"4016"	13.55	10.705717	"bmor"
4	"4017"	10.9	6.657702	"bmor"
4	"4018"	25.55	20.909149	"bmor"
4	"4019"	14.65	11.794694	"bmor"
4	"4020"	8.45	4.32155	"bmor"
4	"4021"	14.1	10.911544	"bmor"
4	"4022"	0	0.426967	"bmor"
4	"4023"	5.25	1.782568	"bmor"
4	"4024"	13.3	8.608107	"bmor"
4	"4025"	15.7	13.929138	"bmor"
4	"4026"	7.9	3.15508	"bmor"
4	"4027"	9	5.295328	"bmor"
4	"4028"	9	4.721661	"bmor"
4	"4030"	18.1	16.411984	"bmor"
4	"4031"	16.5	14.799036	"bmor"
4	"4032"	16.5	14.690859	"bmor"
4	"4033"	18.1	16.63405	"bmor"
4	"4034"	10.35	6.01791	"bmor"
4	"4035"	17.3	15.569445	"bmor"
4	"4036"	13.55	9.919082	"bmor"
4	"4037"	0	0.064506	"bmor"
4	"4038"	10.35	6.303777	"bmor"
4	"4039"	1.05	0.681812	"bmor"
4	"4040"	21.3	19.001965	"bmor"
4	"4041"	9	4.999469	"bmor"
4	"4042"	9.8	5.631005	"bmor"
4	"4043"	14.1	10.856113	"bmor"
4	"4044"	18.1	16.443321	"bmor"
4	"4046"	20.5	18.024563	"bmor"
4	"4047"	10.35	6.109874	"bmor"
4	"4048"	5.25	1.774707	"bmor"
4	"4049"	13.3	7.928281	"bmor"
4	"4050"	14.65	11.684106	"bmor"
4	"4051"	16.5	14.491355	"bmor"
4	"4052"	15.2	13.544244	"bmor"
4	"4053"	10.35	6.064216	"bmor"
4	"4054"	21.85	19.399393	"bmor"
4	"4055"	14.65	12.26021	"bmor"
4	"4056"	10.9	6.866817	"bmor"
4	"4057"	14.65	11.935714	"bmor"
4	"4058"	0.25	0.551997	"bmor"
4	"4059"	17.3	16.037293	"bmor"
4	"4060"	14.65	12.472959	"bmor"
4	"4062"	18.1	16.88059	"bmor"
4	"4063"	15.2	13.250288	"bmor"
4	"4064"	4.2	1.442374	"bmor"
4	"4065"	25.3	20.124947	"bmor"
4	"4068"	0	0.462769	"bmor"
4	"4069"	7.9	3.672296	"bmor"
4	"4070"	2.35	0.716331	"bmor"
4	"4075"	13.55	10.496832	"bmor"
4	"4076"	20.5	18.027272	"bmor"
4	"4077"	13.3	8.578825	"bmor"
4	"4078"	10.9	6.596311	"bmor"
4	"4079"	9.8	5.470663	"bmor"
4	"4080"	16.25	14.400562	"bmor"
4	"4081"	15.7	14.06593	"bmor"
4	"4082"	7.9	3.640695	"bmor"
4	"4083"	4.2	1.5359	"bmor"
4	"4084"	1.05	0.683385	"bmor"
4	"4086"	5.5	1.961649	"bmor"
4	"4087"	16.5	14.569164	"bmor"
4	"4089"	7.9	4.058889	"bmor"
4	"4090"	15.2	12.831195	"bmor"
4	"4091"	9.8	5.570755	"bmor"
4	"4092"	15.2	13.644908	"bmor"
4	"4093"	0	0.41568	"bmor"
4	"4094"	2.35	0.715004	"bmor"
4	"4096"	9	5.38076	"bmor"
4	"4099"	5.5	2.059257	"bmor"
4	"4100"	15.45	13.713534	"bmor"
4	"4101"	13.3	8.105207	"bmor"
4	"4102"	0	0.06531	"bmor"
4	"4103"	15.2	13.185924	"bmor"
4	"4104"	17.3	15.805912	"bmor"
4	"4105"	0	0.126443	"bmor"
4	"4106"	8.45	4.301061	"bmor"
4	"4107"	9	4.912749	"bmor"
4	"4108"	15.2	13.578257	"bmor"
4	"4109"	7.9	3.267254	"bmor"
4	"4114"	17.3	15.692863	"bmor"
4	"4115"	15.45	13.74305	"bmor"
4	"4116"	24.75	19.900327	"bmor"
4	"4117"	25.55	20.179151	"bmor"
4	"4118"	13.3	9.225589	"bmor"
4	"4119"	10.35	5.950819	"bmor"
4	"4120"	13.55	10.73288	"bmor"
4	"4121"	5.5	2.486024	"bmor"
5	"5001"	18.5	15.193312	"bmor"
5	"5002"	3.7	4.397792	"bmor"
5	"5003"	3.45	4.140882	"bmor"
5	"5004"	16.65	12.392604	"bmor"
5	"5005"	21.95	16.892817	"bmor"
5	"5006"	19.3	15.642038	"bmor"
5	"5007"	22.2	17.224895	"bmor"
5	"5008"	6.85	5.559593	"bmor"
5	"5009"	21.95	16.539403	"bmor"
5	"5010"	14.3	10.733908	"bmor"
5	"5011"	13.25	10.198693	"bmor"
5	"5012"	15.35	11.113853	"bmor"
5	"5013"	16.9	12.664379	"bmor"
5	"5014"	20.1	16.08087	"bmor"
5	"5015"	16.65	12.424153	"bmor"
5	"5016"	0.8	1.425254	"bmor"
5	"5017"	6.85	5.78506	"bmor"
5	"5018"	14.55	10.891229	"bmor"
5	"5019"	12.45	9.836268	"bmor"
5	"5020"	19.3	15.813054	"bmor"
5	"5021"	6.85	5.874808	"bmor"
5	"5022"	12.2	8.270184	"bmor"
5	"5023"	6.85	5.588645	"bmor"
5	"5024"	16.4	11.646042	"bmor"
5	"5025"	6.85	6.377393	"bmor"
5	"5026"	28.85	20.454937	"bmor"
5	"5027"	16.65	11.892759	"bmor"
5	"5028"	18.75	15.384493	"bmor"
5	"5029"	8.45	6.742004	"bmor"
5	"5030"	6.85	5.607757	"bmor"
5	"5031"	21.95	16.685461	"bmor"
5	"5032"	18.75	15.468932	"bmor"
5	"5033"	17.15	13.36722	"bmor"
5	"5034"	29.4	20.866959	"bmor"
5	"5035"	16.4	11.572123	"bmor"
5	"5036"	16.15	11.459644	"bmor"
5	"5037"	21.95	16.809566	"bmor"
5	"5038"	16.65	12.399016	"bmor"
5	"5039"	18.5	14.958893	"bmor"
5	"5040"	3.45	3.782923	"bmor"
5	"5041"	24.6	18.374002	"bmor"
5	"5042"	0	0.056466	"bmor"
5	"5043"	15.35	11.364302	"bmor"
5	"5045"	28.6	20.021212	"bmor"
5	"5046"	16.65	12.192908	"bmor"
5	"5048"	3.45	3.822927	"bmor"
5	"5049"	14.55	10.833752	"bmor"
5	"5050"	16.65	12.360126	"bmor"
5	"5051"	13.95	10.535652	"bmor"
5	"5052"	0	1.128517	"bmor"
5	"5053"	0	0.156155	"bmor"
5	"5054"	13.25	10.394137	"bmor"
5	"5055"	12.2	8.427685	"bmor"
5	"5060"	9	7.64428	"bmor"
5	"5061"	25.45	18.762366	"bmor"
5	"5062"	19.3	15.832367	"bmor"
5	"5063"	6.85	5.953168	"bmor"
5	"5063"	6.85	5.953212	"bmor"
5	"5064"	16.9	12.916338	"bmor"
5	"5068"	16.65	12.188981	"bmor"
5	"5069"	22.75	17.383538	"bmor"
5	"5070"	5.5	5.359594	"bmor"
5	"5071"	16.4	11.630665	"bmor"
5	"5072"	14.55	10.783237	"bmor"
5	"5073"	3.7	3.701404	"bmor"
5	"5074"	3.95	4.462816	"bmor"
5	"5075"	4.5	4.569726	"bmor"
5	"5077"	20.1	16.150938	"bmor"
5	"5078"	12.45	9.095113	"bmor"
5	"5079"	0.25	1.20445	"bmor"
5	"5080"	14.55	10.832408	"bmor"
5	"5081"	19.3	15.9088	"bmor"
5	"5082"	7.65	6.505768	"bmor"
5	"5083"	18.5	15.006203	"bmor"
5	"5084"	8.2	6.562863	"bmor"
5	"5085"	19.3	15.522915	"bmor"
5	"5086"	15.35	11.367302	"bmor"
5	"5087"	16.9	13.18051	"bmor"
5	"5088"	8.45	7.292553	"bmor"
5	"5089"	28.05	19.769356	"bmor"
5	"5090"	12.2	8.362656	"bmor"
5	"5092"	18.15	13.64829	"bmor"
5	"5093"	16.65	11.840502	"bmor"
5	"5094"	17.15	13.37576	"bmor"
5	"5096"	28.6	20.098107	"bmor"
5	"5098"	3.7	4.283958	"bmor"
5	"5099"	6.85	6.250545	"bmor"
5	"5100"	3.7	4.443813	"bmor"
5	"5101"	21.95	17.046009	"bmor"
5	"5102"	12.2	8.419695	"bmor"
5	"5103"	19.3	15.678032	"bmor"
6	"6001"	6.95	7.050837	"bmor"
6	"6002"	4	4.694898	"bmor"
6	"6003"	7.2	7.393928	"bmor"
6	"6004"	8.25	7.934738	"bmor"
6	"6005"	8.25	8.097259	"bmor"
6	"6006"	7.45	7.40241	"bmor"
6	"6007"	6.95	6.790172	"bmor"
6	"6008"	8.25	7.888704	"bmor"
6	"6009"	4	4.791197	"bmor"
6	"6010"	9.3	8.549451	"bmor"
6	"6011"	2.4	2.165967	"bmor"
6	"6012"	16.45	14.047953	"bmor"
6	"6013"	2.15	0.936163	"bmor"
6	"6014"	20.65	16.309243	"bmor"
6	"6015"	19.6	15.31679	"bmor"
6	"6016"	11.2	9.748724	"bmor"
6	"6017"	11.45	10.258297	"bmor"
6	"6018"	22.5	18.66207	"bmor"
6	"6019"	0	0.244418	"bmor"
6	"6020"	8	7.764145	"bmor"
6	"6021"	13.8	12.358414	"bmor"
6	"6022"	20.65	16.240373	"bmor"
6	"6023"	12.5	11.394503	"bmor"
6	"6024"	9.3	8.503713	"bmor"
6	"6025"	4	4.134879	"bmor"
6	"6026"	4	4.695649	"bmor"
6	"6027"	11.45	10.03381	"bmor"
6	"6028"	9.3	8.366772	"bmor"
6	"6029"	12.5	11.355239	"bmor"
6	"6030"	3	2.931568	"bmor"
6	"6031"	9.3	8.380362	"bmor"
6	"6032"	5.85	5.551782	"bmor"
6	"6033"	4	4.331822	"bmor"
6	"6034"	10.65	9.654239	"bmor"
6	"6035"	6.4	6.67851	"bmor"
6	"6036"	18.3	14.904442	"bmor"
6	"6037"	0	0.573106	"bmor"
6	"6038"	7.2	7.221885	"bmor"
6	"6039"	8.25	8.15434	"bmor"
6	"6040"	8.5	8.173775	"bmor"
6	"6041"	8.25	7.966699	"bmor"
6	"6042"	12.5	11.288739	"bmor"
6	"6043"	9.3	8.915427	"bmor"
6	"6044"	16.45	14.018415	"bmor"
6	"6045"	6.95	7.182047	"bmor"
6	"6046"	4	4.779297	"bmor"
6	"6047"	22.75	18.895604	"bmor"
6	"6048"	4	4.877829	"bmor"
6	"6050"	4.8	5.217184	"bmor"
6	"6051"	20.9	17.316216	"bmor"
6	"6052"	16.45	13.90095	"bmor"
6	"6053"	6.95	6.750177	"bmor"
6	"6055"	13.8	12.613764	"bmor"
6	"6056"	7.45	7.457299	"bmor"
6	"6058"	11.7	11.233314	"bmor"
6	"6059"	7.45	7.431873	"bmor"
6	"6060"	22.75	18.838309	"bmor"
6	"6061"	16.45	13.907935	"bmor"
6	"6062"	4	4.692843	"bmor"
6	"6063"	8.25	8.115445	"bmor"
6	"6064"	4.55	5.091089	"bmor"
6	"6064"	4.55	5.09096	"bmor"
6	"6064"	4.55	5.091003	"bmor"
6	"6064"	4.55	5.091046	"bmor"
6	"6065"	22.5	18.676043	"bmor"
6	"6066"	16.2	12.756977	"bmor"
6	"6067"	8.5	8.20895	"bmor"
6	"6068"	7.2	6.99918	"bmor"
6	"6069"	10.65	9.710977	"bmor"
6	"6071"	20.65	16.2913	"bmor"
6	"6072"	10.1	9.400081	"bmor"
6	"6073"	2.65	2.818625	"bmor"
6	"6075"	1.9	1.564571	"bmor"
6	"6076"	22.5	18.619527	"bmor"
6	"6077"	10.1	9.3996	"bmor"
6	"6078"	13.8	12.099702	"bmor"
6	"6079"	22.75	18.716628	"bmor"
6	"6080"	19.35	15.170627	"bmor"
6	"6081"	4	4.89578	"bmor"
6	"6082"	8.25	8.051243	"bmor"
6	"6083"	11.7	10.50784	"bmor"
6	"6084"	2.65	2.815465	"bmor"
6	"6087"	5.85	5.805444	"bmor"
6	"6088"	4	4.736143	"bmor"
6	"6089"	0	0.230729	"bmor"
6	"6090"	22.5	18.531863	"bmor"
7	"7001"	2.9	2.820466	"bmor"
7	"7002"	16.85	10.569455	"bmor"
7	"7003"	10	7.687546	"bmor"
7	"7004"	15.75	10.022616	"bmor"
7	"7005"	10	7.667726	"bmor"
7	"7006"	10	7.684161	"bmor"
7	"7007"	17.45	11.031832	"bmor"
7	"7008"	22.95	15.921571	"bmor"
7	"7009"	0	0.106728	"bmor"
7	"7010"	0	0.026163	"bmor"
7	"7011"	11.3	8.451832	"bmor"
7	"7012"	1.85	1.955671	"bmor"
7	"7013"	22.95	15.924578	"bmor"
7	"7014"	4.45	4.597701	"bmor"
7	"7015"	10.5	8.188536	"bmor"
7	"7016"	6.3	5.513702	"bmor"
7	"7017"	4.45	3.90087	"bmor"
7	"7018"	9.2	7.495547	"bmor"
7	"7019"	7.35	6.113724	"bmor"
7	"7020"	6.3	5.917514	"bmor"
7	"7021"	9.2	7.459762	"bmor"
7	"7022"	22.95	16.205619	"bmor"
7	"7024"	21.6	14.641717	"bmor"
7	"7025"	11.3	8.788527	"bmor"
7	"7026"	1.85	2.090669	"bmor"
7	"7027"	6.3	5.675568	"bmor"
7	"7028"	1.6	1.665321	"bmor"
7	"7029"	10.25	8.001026	"bmor"
7	"7030"	16.15	10.292177	"bmor"
7	"7031"	10.5	8.077816	"bmor"
7	"7032"	16.85	10.469048	"bmor"
7	"7033"	9.2	7.491001	"bmor"
7	"7034"	8.65	7.002071	"bmor"
7	"7036"	4.2	3.660054	"bmor"
7	"7037"	21.6	14.550975	"bmor"
7	"7038"	3.15	3.180871	"bmor"
7	"7039"	7.35	6.099746	"bmor"
7	"7040"	20	14.128392	"bmor"
7	"7041"	2.9	2.978554	"bmor"
7	"7042"	4.2	3.655174	"bmor"
7	"7044"	6.05	5.420742	"bmor"
7	"7045"	18.7	12.805479	"bmor"
7	"7046"	15.75	10.269375	"bmor"
7	"7047"	22.95	15.977858	"bmor"
7	"7049"	5	4.561875	"bmor"
7	"7050"	13.8	9.172864	"bmor"
7	"7051"	5	4.023301	"bmor"
7	"7052"	5	4.640499	"bmor"
7	"7053"	1.85	1.996407	"bmor"
7	"7054"	6.3	5.604527	"bmor"
7	"7055"	22.95	16.271627	"bmor"
7	"7057"	8.65	6.97948	"bmor"
7	"7058"	5.7	5.394733	"bmor"
7	"7059"	22.7	15.167343	"bmor"
7	"7060"	2.65	2.746974	"bmor"
7	"7061"	2.1	2.454239	"bmor"
7	"7062"	22.15	15.023641	"bmor"
7	"7063"	4.45	3.65682	"bmor"
7	"7064"	2.1	2.248563	"bmor"
7	"7065"	18.7	11.500983	"bmor"
7	"7066"	7.35	6.53077	"bmor"
8	"8001"	3.15	2.834151	"bmor"
8	"8002"	15.9	11.271129	"bmor"
8	"8003"	14.6	10.328029	"bmor"
8	"8003"	14.6	10.327976	"bmor"
8	"8003"	14.6	10.328082	"bmor"
8	"8003"	14.6	10.327923	"bmor"
8	"8004"	17.15	11.595383	"bmor"
8	"8005"	15.9	11.281896	"bmor"
8	"8006"	2.1	1.568021	"bmor"
8	"8007"	9	5.778514	"bmor"
8	"8008"	27	18.631784	"bmor"
8	"8009"	8.2	5.303871	"bmor"
8	"8010"	12.45	8.767298	"bmor"
8	"8011"	7.65	5.010723	"bmor"
8	"8012"	18.55	14.418967	"bmor"
8	"8013"	11.4	7.330637	"bmor"
8	"8014"	26.4	18.458577	"bmor"
8	"8015"	0	0.801549	"bmor"
8	"8016"	24.4	18.095138	"bmor"
8	"8017"	13.25	9.532766	"bmor"
8	"8018"	12.45	8.112684	"bmor"
8	"8019"	23.55	17.606745	"bmor"
8	"8020"	14.05	10.023349	"bmor"
8	"8021"	0	0.846508	"bmor"
8	"8022"	10.4	6.538024	"bmor"
8	"8024"	18.55	14.368187	"bmor"
8	"8025"	15.65	11.074497	"bmor"
8	"8026"	26.75	18.523923	"bmor"
8	"8027"	17.75	13.190135	"bmor"
8	"8028"	17.75	13.151385	"bmor"
8	"8029"	0	0.852089	"bmor"
8	"8030"	13	9.268019	"bmor"
8	"8031"	15.65	11.194815	"bmor"
8	"8032"	17.75	12.636316	"bmor"
8	"8033"	3.15	2.833537	"bmor"
8	"8034"	27	18.726097	"bmor"
8	"8035"	12.45	8.621687	"bmor"
8	"8036"	1.05	1.196731	"bmor"
8	"8037"	20.2	15.570999	"bmor"
8	"8038"	15.9	11.316146	"bmor"
8	"8039"	18	13.792119	"bmor"
8	"8040"	9.25	6.076524	"bmor"
8	"8043"	13	9.164726	"bmor"
8	"8044"	10.05	6.207887	"bmor"
8	"8045"	14.05	10.060559	"bmor"
8	"8046"	17.15	11.724987	"bmor"
8	"8047"	14.6	10.44071	"bmor"
8	"8050"	17.45	11.952398	"bmor"
8	"8051"	4.75	3.405524	"bmor"
8	"8052"	13.25	9.676295	"bmor"
8	"8053"	4.1	3.099171	"bmor"
8	"8054"	14.6	10.428684	"bmor"
8	"8055"	12.45	8.802083	"bmor"
8	"8056"	18.55	14.434159	"bmor"
8	"8057"	14.6	10.400422	"bmor"
8	"8059"	12.45	7.836674	"bmor"
8	"8060"	6.35	3.639013	"bmor"
8	"8061"	7.4	4.83013	"bmor"
8	"8062"	20.2	15.518582	"bmor"
8	"8063"	0	0.756631	"bmor"
8	"8064"	15.4	10.665663	"bmor"
8	"8065"	17.75	13.029005	"bmor"
9	"9001"	11.45	4.948487	"bmor"
9	"9002"	13.8	10.939658	"bmor"
9	"9003"	18.75	14.918273	"bmor"
9	"9004"	12.25	6.587928	"bmor"
9	"9005"	5.35	2.730981	"bmor"
9	"9006"	5.35	2.263132	"bmor"
9	"9007"	11.7	5.038304	"bmor"
9	"9008"	12.25	5.605232	"bmor"
9	"9009"	9.05	3.658357	"bmor"
9	"9010"	9.05	3.577881	"bmor"
9	"9011"	19.3	15.495421	"bmor"
9	"9012"	16.15	13.530295	"bmor"
9	"9013"	13.55	10.577654	"bmor"
9	"9014"	19.3	15.727566	"bmor"
9	"9015"	12.25	7.818452	"bmor"
9	"9016"	12.25	7.518183	"bmor"
9	"9017"	21.45	17.032915	"bmor"
9	"9018"	14.05	11.559579	"bmor"
9	"9019"	13.3	10.469437	"bmor"
9	"9020"	21.45	16.76937	"bmor"
9	"9021"	18.75	14.929261	"bmor"
9	"9022"	18.5	14.837956	"bmor"
9	"9023"	19.85	15.937458	"bmor"
9	"9024"	19.3	15.679686	"bmor"
9	"9025"	5.65	3.031175	"bmor"
9	"9026"	16.15	12.718807	"bmor"
9	"9027"	12.25	7.597061	"bmor"
9	"9028"	16.15	12.686063	"bmor"
9	"9029"	12.25	6.772417	"bmor"
9	"9030"	12.25	7.551059	"bmor"
9	"9031"	12.25	7.59066	"bmor"
9	"9032"	18	13.954592	"bmor"
9	"9033"	12.5	8.004164	"bmor"
9	"9034"	18.25	14.394439	"bmor"
9	"9037"	17.75	13.694935	"bmor"
9	"9038"	14.3	11.685582	"bmor"
9	"9039"	20.8	16.512687	"bmor"
9	"9040"	13.55	10.815162	"bmor"
9	"9041"	22.05	17.759692	"bmor"
9	"9042"	19.3	15.515181	"bmor"
9	"9045"	19.3	15.710528	"bmor"
9	"9046"	13.8	11.128726	"bmor"
9	"9047"	5.35	2.530636	"bmor"
9	"9048"	23.9	18.88904	"bmor"
9	"9051"	12.5	8.632671	"bmor"
9	"9052"	1.1	0.676612	"bmor"
9	"9053"	11.7	5.087283	"bmor"
9	"9054"	13.55	10.526546	"bmor"
9	"9055"	12.25	6.675713	"bmor"
9	"9056"	12.75	9.840127	"bmor"
9	"9058"	9.65	4.497535	"bmor"
9	"9064"	5.35	2.786026	"bmor"
9	"9065"	12.5	7.923269	"bmor"
9	"9066"	21.45	16.6803	"bmor"
9	"9067"	18.25	14.311738	"bmor"
9	"9068"	5.35	2.830945	"bmor"
9	"9069"	12.25	5.457271	"bmor"
9	"9070"	16.15	12.730123	"bmor"
9	"9071"	0	0.310648	"bmor"
9	"9072"	12.75	9.813264	"bmor"
9	"9073"	18	14.169586	"bmor"
9	"9074"	12.75	9.828869	"bmor"
9	"9076"	18.5	14.786126	"bmor"
9	"9077"	13.55	10.829989	"bmor"
9	"9078"	18.25	14.396265	"bmor"
28	"A001"	1.6	1.011942	"bmor"
28	"A002"	22.5	11.930455	"bmor"
28	"A003"	11.35	6.730612	"bmor"
28	"A004"	22.5	12.154135	"bmor"
28	"A005"	5.3	2.371195	"bmor"
28	"A006"	8.45	4.022247	"bmor"
28	"A007"	11.6	6.760257	"bmor"
28	"A008"	6.35	3.029227	"bmor"
28	"A009"	18	8.983686	"bmor"
28	"A010"	11.35	6.725417	"bmor"
28	"A013"	19.85	10.467814	"bmor"
28	"A014"	19.85	10.467029	"bmor"
28	"A015"	11.35	5.819729	"bmor"
28	"A016"	11.35	6.518093	"bmor"
28	"A017"	11.6	6.978432	"bmor"
28	"A024"	18	8.895838	"bmor"
28	"A025"	19.3	10.190057	"bmor"
28	"A026"	11.05	5.251045	"bmor"
28	"A027"	3.45	1.471869	"bmor"
28	"A028"	0	0.647452	"bmor"
28	"A029"	18.65	9.39991	"bmor"
28	"A030"	15.35	7.966273	"bmor"
28	"A031"	21.7	11.404658	"bmor"
28	"A032"	11.85	6.901026	"bmor"
28	"A033"	12.4	7.167177	"bmor"
28	"A034"	11.35	6.390851	"bmor"
28	"A035"	11.6	6.8505	"bmor"
27	"B002"	17.35	9.510891	"bmor"
27	"B003"	10.3	4.496496	"bmor"
27	"B004"	9.5	4.229281	"bmor"
27	"B005"	12.1	5.805031	"bmor"
27	"B006"	26.35	14.06576	"bmor"
27	"B007"	11.2	4.964142	"bmor"
27	"B009"	18.65	10.145759	"bmor"
27	"B010"	0	0.084577	"bmor"
27	"B011"	15.25	8.546452	"bmor"
27	"B012"	11.2	4.798066	"bmor"
27	"B013"	12.1	5.982292	"bmor"
27	"B014"	17.35	9.292157	"bmor"
27	"B015"	24.25	12.073188	"bmor"
27	"B016"	16.05	8.618326	"bmor"
27	"B017"	1.8	1.463871	"bmor"
27	"B018"	2.6	2.324606	"bmor"
27	"B022"	3.45	2.621911	"bmor"
27	"B023"	24.25	12.064842	"bmor"
27	"B024"	18.65	10.241034	"bmor"
27	"B025"	0.25	0.421188	"bmor"
27	"B027"	17.35	9.419353	"bmor"
27	"B028"	19.7	10.812934	"bmor"
27	"B029"	26.35	14.010162	"bmor"
27	"B030"	2.6	2.303737	"bmor"
27	"B031"	19.7	10.78156	"bmor"
27	"B032"	10.3	4.498652	"bmor"
27	"B033"	14.35	7.596361	"bmor"
27	"B034"	29	13.292407	"bmor"
27	"B036"	0.25	0.032754	"bmor"
27	"B037"	13.7	6.769793	"bmor"
27	"B038"	0.5	0.647055	"bmor"
27	"B039"	18.65	10.190996	"bmor"
27	"B040"	6.85	3.454682	"bmor"
