chr	cm	mb
1	0	38618744
1	0	40071241
1	0	40242759
1	0	41173588
1	0	42224107
1	0	44942371
1	0	46041494
1	0	46521886
1	0	46736413
1	0	47139911
1	0	47268395
1	0	48169863
1	0	48300462
1	0	48395599
1	0	48988288
1	0	49088145
1	0	49373318
1	0	49512492
1	0	49777206
1	0	49870406
1	0	50124012
1	0	50282809
1	0	51183680
1	0	51374750
1	0	51701467
1	0	54466437
1	0	54551038
1	0	55431484
1	0	56077995
1	4.47	58149749
1	4.47	58350972
1	4.47	58420424
1	4.47	58639029
1	4.47	59024343
1	4.47	59339479
1	4.47	60301225
1	4.47	60340691
1	4.47	60569542
1	4.47	60610515
1	4.47	60657342
1	4.47	61546143
1	4.47	62328572
1	4.47	62422349
1	4.47	62562467
1	4.47	62626464
1	4.47	63364168
1	8.691	66742290
1	12.537	71876493
1	12.537	74163598
1	12.537	74642231
1	12.537	75139836
1	12.537	75169430
1	12.537	75466197
1	12.537	75587614
1	12.537	75723738
1	12.537	75854429
1	12.537	75956149
1	12.537	78486835
1	12.537	78554714
1	12.537	78639271
1	12.537	78713222
1	12.537	78835216
1	12.537	81489785
1	12.537	81666746
1	12.537	82074923
1	18.675	110868945
1	18.675	111811942
1	18.675	111917208
1	18.675	112007470
1	18.675	112256065
1	18.675	112351124
1	18.675	112525186
1	18.675	113538495
1	18.675	114001466
1	18.675	114190135
1	18.675	114355954
1	18.675	114809090
1	18.675	115778058
1	18.675	118209853
1	18.675	118974515
1	18.675	120201924
1	18.675	120837318
1	21.535	123586136
1	21.535	123630804
1	21.535	123790213
1	21.535	123878193
1	21.535	124238175
1	21.535	125130735
1	21.535	125396459
1	21.535	125649543
1	21.535	126358048
1	21.535	126390239
1	21.535	126769615
1	21.535	127965192
1	21.535	128457108
1	21.535	128679642
1	21.535	128888676
1	21.535	129127265
1	21.535	129867470
1	21.535	129937883
1	21.535	130258542
1	21.535	132235178
1	21.535	132432509
1	21.535	132629383
1	21.535	133861093
1	21.535	136387808
1	21.535	136514375
1	21.535	140059078
1	21.535	140836816
1	21.535	141779128
1	21.535	142868084
1	21.535	143134029
1	21.535	144193720
1	21.535	144532106
1	21.535	145115521
1	21.535	145348757
1	21.535	146042159
1	21.535	146194664
1	21.535	146440966
1	21.535	147181406
1	21.535	148270687
1	21.535	148460036
1	21.535	148789286
1	21.535	149149874
1	21.535	150101937
1	21.535	150922902
1	21.535	151055098
1	21.535	151214216
1	21.535	153840588
1	21.535	154083012
1	21.535	154887924
1	21.535	156839933
1	21.535	158510320
1	21.535	158609027
1	21.535	158783119
1	21.535	158902283
1	21.535	159069067
1	21.535	161231074
1	21.535	162455696
1	21.535	162512823
1	21.535	162570949
1	21.535	162672907
1	21.535	162709181
1	21.535	164817920
1	21.535	164917627
1	21.535	164963366
1	21.535	165032876
1	21.535	165732399
1	21.535	165835248
1	21.535	165938863
1	21.535	168291016
1	21.535	168866588
1	21.535	169162831
1	21.535	169427983
1	21.535	170127339
1	21.535	171276829
1	21.535	171544375
1	21.535	172039695
1	21.535	172752919
1	21.535	174003077
1	21.535	174368128
1	21.535	175420159
1	21.535	175731130
1	21.535	176276598
1	21.535	176308918
1	21.535	176327447
1	21.535	176553799
1	21.535	177132084
1	21.535	177320344
1	21.535	179124784
1	21.535	179485195
1	21.535	179599431
1	21.535	180608428
1	21.535	180645217
1	21.535	180702524
1	21.535	180719490
1	21.535	180936642
1	21.535	180974193
1	21.535	181463786
1	21.535	182059810
1	21.535	182219287
1	21.535	183724823
1	21.535	183920361
1	21.535	184021860
1	21.535	186530638
1	21.535	186583007
1	21.535	187258939
1	21.535	188540104
1	21.535	188818653
1	21.535	189498664
1	21.535	201733029
1	21.535	202039350
1	21.535	202639051
1	21.535	203248282
1	21.535	203348871
1	21.535	203758363
1	21.535	203951796
1	21.535	205822340
1	21.535	205888214
1	21.535	207378644
1	21.535	207535707
1	21.535	207728036
1	21.535	207748233
1	21.535	207801625
1	21.535	207930087
1	21.535	208090272
1	21.535	208185515
1	21.535	210442602
1	21.535	212143495
1	21.535	212195725
1	21.535	212974484
1	21.535	214113223
1	21.535	214574675
1	21.535	214927386
1	21.535	215542078
1	21.535	219950795
1	21.535	220605837
1	21.535	224002305
1	21.535	225563782
1	21.535	226077949
1	21.535	226902013
1	24.396	228520703
1	24.396	234394138
1	24.396	234830050
1	24.396	235544647
1	24.396	237892409
1	24.396	238299752
1	24.396	238365122
1	24.396	238617237
1	24.396	240341974
1	24.396	241838815
1	24.396	243230908
1	24.396	243477224
1	24.396	244308219
1	24.396	244374082
1	24.396	244564710
1	24.396	244717750
1	24.396	244893887
1	24.396	245304771
1	24.396	245475338
1	24.396	246033221
1	24.396	246438877
1	24.396	246845057
1	24.396	249070321
1	24.396	249422463
1	24.396	249990838
1	24.396	250312317
1	24.396	250757637
1	24.396	250823413
1	24.396	251212381
1	24.396	251748227
1	24.396	252863147
1	24.396	252927668
1	24.396	252999439
1	24.396	253130281
1	24.396	253279882
1	24.396	253328099
1	24.396	254274166
1	24.396	254928996
1	24.396	256477940
1	24.396	256625463
1	24.396	257164654
1	24.396	258111404
1	24.396	258490163
1	27.351	259166531
1	27.351	259526243
1	27.351	259948567
1	27.351	260033274
1	27.351	261275163
1	34.336	262465486
1	34.336	262663264
1	40.366	264775115
1	40.366	268077265
1	40.366	268119636
1	40.366	268530025
1	40.366	268834515
1	45.369	270763452
1	45.369	270890118
1	45.369	271869494
1	45.369	272214322
1	45.369	272325002
1	45.369	272599010
1	45.369	272720154
1	45.369	272828656
1	45.369	272890548
1	45.369	273052406
1	45.369	273636824
1	45.369	274187790
1	45.369	274269877
1	45.369	274490684
1	45.369	275227476
1	45.369	278177185
1	45.369	278613445
1	45.369	281873545
1	45.369	286447421
1	45.369	286575600
1	45.369	287777055
1	45.369	288005954
1	45.369	290419248
1	45.369	291028829
1	45.369	291322344
1	45.369	291648258
1	45.369	291911097
1	45.369	291974037
1	45.369	292053529
1	49.189	293642633
1	49.189	294983562
1	49.189	295270160
1	49.189	295405225
1	49.189	297107706
1	49.189	297191480
1	54.179	301531896
1	54.179	303304468
1	54.179	303479397
1	54.179	304476880
1	54.179	308363476
1	54.179	310393091
2	0	98009
2	0	804137
2	0	855138
2	0	1490784
2	0	1942114
2	0	6030784
2	0	6983198
2	0	7204275
2	0	8334497
2	0	9141008
2	0	9244338
2	0	9738637
2	0	10373899
2	0	12259949
2	8.657	20962250
2	8.657	21005080
2	8.657	21667972
2	8.657	25365425
2	8.657	25401634
2	8.657	25436383
2	8.657	25735857
2	8.657	25910362
2	8.657	26011672
2	8.657	26330052
2	8.657	27165109
2	11.517	28024297
2	11.517	28401131
2	11.517	28567959
2	11.517	28578124
2	11.517	28660010
2	11.517	29257703
2	11.517	29325237
2	11.517	29425460
2	15.163	30636782
2	15.163	31427267
2	15.163	31920539
2	15.163	32345547
2	15.163	32533392
2	15.163	32991546
2	15.163	33973618
2	15.163	34039973
2	15.163	35392292
2	15.163	35489892
2	15.163	36121212
2	15.163	36184973
2	15.163	36350322
2	15.163	36408179
2	15.163	36498783
2	15.163	36838134
2	15.163	36951292
2	15.163	37079750
2	15.163	37173498
2	15.163	37223876
2	15.163	37744653
2	15.163	37906056
2	15.163	38261755
2	15.163	38952810
2	15.163	39104678
2	15.163	39543675
2	21.697	40993373
2	21.697	41383157
2	21.697	41458245
2	21.697	41627721
2	21.697	41640768
2	21.697	41726741
2	21.697	41986384
2	21.697	42741546
2	21.697	42783661
2	21.697	42847865
2	21.697	43350089
2	21.697	43416237
2	21.697	43551719
2	21.697	43759435
2	21.697	43902499
2	21.697	44192563
2	24.557	44560827
2	24.557	44665566
2	24.557	44911847
2	24.557	45656241
2	29.911	45782844
2	24.557	47316890
2	24.557	47343034
2	24.557	47592219
2	29.911	47620423
2	24.557	48003439
2	12.537	48177161
2	29.911	48292182
2	29.911	48609852
2	29.911	48735739
2	29.911	48863202
2	29.911	48971740
2	29.911	49174858
2	29.911	49417137
2	29.911	49568986
2	29.911	50336066
2	29.911	50601193
2	29.911	51475381
2	29.911	51505689
2	29.911	51581016
2	29.911	51819433
2	29.911	52105732
2	29.911	52152802
2	29.911	52321769
2	29.911	52472874
2	29.911	52674403
2	29.911	53191259
2	29.911	53410316
2	29.911	55025097
2	38.175	57918352
2	38.175	58208231
2	38.175	58478238
2	38.175	58951663
2	38.175	59170475
2	38.175	60399849
2	43.896	67982939
2	41.035	68659543
2	41.035	69018302
2	41.035	69912936
2	41.035	76991082
2	41.035	78558064
2	43.896	80830442
2	43.896	80980159
2	43.896	82805005
2	43.896	83697626
2	43.896	83807472
2	43.896	86276073
2	43.896	87385344
2	43.896	87397525
2	46.756	90585620
2	46.756	90734577
2	46.756	95807016
2	46.756	96324314
2	46.756	96463607
2	46.756	97302244
2	46.756	98376549
2	46.756	101190166
2	46.756	101253346
2	46.756	103015823
2	46.756	103257097
2	46.756	104013917
2	46.756	104218930
2	46.756	105601797
2	46.756	106355360
2	46.756	106433583
2	46.756	109186942
2	46.756	110548961
2	46.756	110966109
2	46.756	111200926
2	46.756	111871268
2	46.756	112436114
2	46.756	112640052
2	46.756	112667038
2	46.756	112849978
2	46.756	112999285
2	46.756	113622045
2	46.756	114050991
2	46.756	117552774
2	46.756	118377557
2	46.756	119152280
2	46.756	119867011
2	46.756	120777787
2	46.756	121701852
2	46.756	123337977
2	46.756	123487055
2	46.756	124043121
2	46.756	124106577
2	46.756	124200903
2	46.756	124488145
2	46.756	125865515
2	46.756	126119673
2	46.756	126195821
2	46.756	126261013
2	46.756	126401016
2	46.756	126464242
2	46.756	127393433
2	46.756	127760696
2	46.756	127859789
2	46.756	128282448
2	46.756	128893300
2	46.756	129762774
2	46.756	129953385
2	46.756	129999291
2	46.756	130507570
2	46.756	130654898
2	46.756	130887609
2	46.756	131219266
2	49.629	132067238
2	49.629	134777947
2	49.629	135802046
2	49.629	135892855
2	49.629	136250157
2	49.629	136278715
2	49.629	137656429
2	49.629	138724008
2	49.629	139583314
2	49.629	139645360
2	49.629	139963335
2	49.629	140088312
2	49.629	140137586
2	49.629	140740583
2	49.629	143700663
2	49.629	144096263
2	49.629	144239989
2	49.629	144299621
2	49.629	144308238
2	49.629	144548147
2	49.629	145074986
2	49.629	145241828
2	49.629	145415603
2	49.629	145742000
2	49.629	145844850
2	49.629	146217238
2	49.629	146260200
2	49.629	149459065
2	49.629	149658442
2	49.629	151011201
2	49.629	151378609
2	49.629	151411126
2	49.629	151430547
2	49.629	152579330
2	49.629	152945287
2	49.629	153014138
2	49.629	153050781
2	49.629	153348003
2	49.629	153491534
2	49.629	153635803
2	49.629	153934320
2	49.629	153967494
2	49.629	154225755
2	49.629	155558351
2	49.629	155805480
2	49.629	156890466
2	49.629	157513085
2	49.629	157528023
2	49.629	158503936
2	49.629	158624766
2	49.629	159742945
2	49.629	159912861
2	49.629	160332316
2	49.629	160338056
2	49.629	160734915
2	49.629	160885228
2	49.629	161435481
2	49.629	162030816
2	49.629	162934175
2	49.629	163044334
2	49.629	164884249
2	49.629	166461617
2	49.629	166848861
2	49.629	166993784
2	49.629	167006613
2	49.629	167195188
2	49.629	167231073
2	49.629	167348926
2	49.629	167405347
2	49.629	167445291
2	49.629	167562151
2	49.629	167645266
2	49.629	167974575
2	49.629	168078222
2	49.629	168330691
2	49.629	168641969
2	49.629	168949111
2	49.629	169110142
2	49.629	172428865
2	49.629	174200213
2	49.629	174241238
2	49.629	174638147
2	49.629	176084166
2	49.629	176770114
2	49.629	177609699
2	49.629	177755852
2	49.629	178687003
2	49.629	178796152
2	49.629	179010742
2	49.629	179088039
2	49.629	179661767
2	49.629	179721065
2	49.629	180025505
2	49.629	180165573
2	49.629	180217540
2	49.629	180930615
2	49.629	181401278
2	49.629	181516094
2	49.629	181591635
2	49.629	183036779
2	49.629	183168115
2	49.629	185381151
2	49.629	185985036
2	49.629	186226174
2	49.629	186352054
2	49.629	186447913
2	49.629	187604000
2	49.629	187634258
2	49.629	187777656
2	49.629	189397160
2	49.629	190072527
2	49.629	191029590
2	49.629	192182704
2	49.629	192229024
2	49.629	193733424
2	49.629	193826004
2	49.629	193909274
2	49.629	194080519
2	49.629	194176512
2	49.629	194983680
2	49.629	195782337
2	49.629	195869123
2	49.629	196410217
2	49.629	196703808
2	49.629	196829707
2	49.629	197095555
2	49.629	197367793
2	49.629	197747024
2	49.629	198498484
2	49.629	198603304
2	49.629	200961183
2	49.629	200984778
2	49.629	201082581
2	49.629	201269109
2	49.629	201436822
2	49.629	201772413
2	49.629	202015817
2	49.629	202104637
2	49.629	203933996
2	49.629	204194685
2	49.629	204661807
2	49.629	205564446
2	49.629	205857411
2	49.629	207095185
2	49.629	207810603
2	49.629	207980653
2	49.629	210398929
2	49.629	210525463
2	49.629	210942111
2	49.629	210991487
2	49.629	211327332
2	49.629	212654771
2	49.629	212725888
2	49.629	213099304
2	49.629	213637368
2	49.629	214716425
2	49.629	215316307
2	49.629	215373067
2	49.629	215570314
2	49.629	216224545
2	49.629	216289895
2	49.629	217010128
2	49.629	217298617
2	49.629	217800261
2	49.629	217827981
2	49.629	218878794
2	49.629	219183129
2	49.629	220077971
2	49.629	220565458
2	49.629	221894610
2	52.532	224407650
2	52.532	224652508
2	52.532	225246115
2	52.532	226559219
2	52.532	227941284
2	52.532	229171941
2	52.532	229436262
2	52.532	229854625
2	52.532	230228717
2	52.532	230477247
2	52.532	230861357
2	52.532	231067320
2	52.532	231128577
2	52.532	232036634
2	52.532	232083124
2	52.532	232345502
2	52.532	232575401
2	46.756	232928733
2	52.532	233011220
2	52.532	233143696
2	52.532	233184073
2	52.532	236314977
2	52.532	237011599
2	52.532	237133692
2	52.532	237650856
2	52.532	237805405
2	52.532	238474243
2	52.532	238632749
2	52.532	239993287
2	52.532	241181897
2	52.532	242591749
2	52.532	242806128
2	52.532	242987723
2	52.532	243424257
2	52.532	244393516
2	52.532	244644372
2	52.532	244844736
2	52.532	245087852
2	52.532	245159785
2	52.532	245199685
2	52.532	245400271
2	52.532	245498235
2	52.532	247906668
2	52.532	247983109
2	52.532	248437028
2	52.532	250578852
2	52.532	251312125
2	52.532	251656877
2	52.532	251687621
2	52.532	251769556
2	52.532	251776661
2	52.532	251823845
2	52.532	253056005
2	52.532	253107600
2	52.532	253868334
2	52.532	254480427
2	52.532	254601785
2	52.532	254676345
2	52.532	254695605
2	52.532	254733956
2	52.532	254966184
2	52.532	255291807
2	52.532	256006557
2	52.532	256104909
2	52.532	256506506
2	52.532	257562771
2	52.532	261194437
2	52.532	261325206
2	52.532	261443434
2	52.532	261696259
2	52.532	261710893
2	52.532	261956397
2	52.532	262015902
2	52.532	262443392
2	52.532	262712777
2	52.532	262989410
2	52.532	263697396
2	52.532	264128117
2	52.532	264240495
2	52.532	264536780
2	52.532	265080345
2	52.532	265638619
2	52.532	265824401
2	52.532	266249636
2	52.532	266702611
2	52.532	266814198
2	52.532	266846599
2	52.532	267403241
2	52.532	269370113
2	52.532	269769291
2	52.532	269877436
2	52.532	269949591
2	52.532	270313755
2	52.532	270380688
2	52.532	270601493
2	52.532	270729864
2	52.532	270982714
2	52.532	271300876
2	52.532	271500170
2	52.532	271843077
2	52.532	272731845
2	52.532	272915985
2	52.532	273303404
2	52.532	273445739
2	52.532	273992728
2	52.532	275136174
2	52.532	275154411
2	52.532	277681701
2	52.532	277960082
2	52.532	278081140
2	52.532	278162309
2	52.532	278481435
2	52.532	278987518
2	52.532	279165859
2	52.532	279566417
2	52.532	279764534
2	52.532	279939041
2	52.532	280026492
2	52.532	280496361
2	52.532	281301016
2	52.532	282345384
2	52.532	282474719
2	52.532	282568220
2	52.532	282618374
2	52.532	282657283
2	52.532	282780233
2	52.532	282966020
2	52.532	283007108
2	52.532	283480944
2	52.532	283801147
2	52.532	283923415
2	52.532	283980847
2	52.532	284302806
2	52.532	284657407
2	52.532	285235289
2	52.532	285380957
2	52.532	285554142
2	52.532	285751068
2	52.532	285782593
2	52.532	286143559
2	52.532	286524338
2	52.532	286587264
2	52.532	286820407
2	52.532	286978895
2	52.532	287057737
2	52.532	287174308
2	52.532	287476548
2	52.532	287504116
2	52.532	287541119
2	52.532	287622688
2	52.532	287725896
2	52.532	287841010
2	52.532	288113135
2	52.532	288453308
2	52.532	289043942
2	52.532	289275640
2	52.532	289632214
2	52.532	289735667
2	52.532	289802438
2	52.532	291102920
2	52.532	291994911
2	52.532	292186400
2	52.532	292277518
2	52.532	292618777
2	52.532	294221867
2	52.532	294511315
2	52.532	294801089
2	52.532	294929426
2	52.532	294989508
2	52.532	295103839
2	52.532	295333759
2	52.532	295638575
2	52.532	295767695
2	52.532	295882735
2	52.532	295913721
2	52.532	296054176
2	52.532	296364993
2	52.532	296427224
2	52.532	296813577
2	52.532	297365299
2	52.532	297598576
2	52.532	297690328
2	52.532	297730071
2	52.532	297901531
2	52.532	298793471
2	52.532	298970483
2	52.532	299176787
2	52.532	300319940
2	52.532	300459645
2	52.532	301075168
2	52.532	301234177
2	52.532	301257951
2	52.532	301286659
2	52.532	301447286
2	52.532	301545226
2	52.532	301737286
2	52.532	302409080
2	52.532	302718349
2	52.532	302865596
2	52.532	302923800
2	52.532	303099637
2	52.532	303450825
2	52.532	303637655
2	52.532	304123655
2	52.532	304168407
2	52.532	305147752
2	52.532	306303154
2	52.532	306495375
2	52.532	306958729
2	52.532	307294680
2	52.532	307464435
2	52.532	307908247
2	52.532	307951374
2	52.532	315418019
2	52.532	315558228
2	52.532	315784022
2	52.532	315902234
2	52.532	316153086
2	52.532	316204160
2	52.532	316963665
2	52.532	317523887
2	52.532	317559289
2	52.532	317749709
2	52.532	317878884
2	52.532	318057684
2	52.532	318379691
2	52.532	318451910
2	52.532	318868596
2	52.532	318977218
2	52.532	319001984
2	52.532	319040758
2	52.532	319067297
2	52.532	319585952
2	52.532	319721449
2	52.532	319808490
2	52.532	319862398
2	52.532	320018825
2	52.532	321346849
2	52.532	321365908
2	52.532	321558791
2	52.532	321605197
2	52.532	322142654
2	52.532	324268670
2	55.421	326438924
2	55.421	326705543
2	55.421	327091670
2	55.421	327196987
2	55.421	327343247
2	55.421	327453068
2	55.421	327633491
2	55.421	327743299
2	55.421	327875199
2	55.421	327947177
2	55.421	328562979
2	55.421	328763896
2	55.421	329034974
2	55.421	329067332
2	55.421	329202019
2	55.421	329250027
2	55.421	329335918
2	55.421	329623802
2	55.421	329815971
2	55.421	330049211
2	55.421	330076140
2	55.421	330377247
2	55.421	330654104
2	55.421	330775737
2	55.421	331481755
2	55.421	331731591
2	55.421	332104092
2	55.421	332400091
2	55.421	332446624
2	55.421	332587710
2	55.421	332894497
2	55.421	333249573
2	55.421	333568304
2	55.421	333647053
2	55.421	333823894
2	55.421	333861558
2	55.421	342090167
2	55.421	342279147
2	55.421	342396546
2	55.421	342494215
2	55.421	342589315
2	55.421	342924398
2	55.421	342957615
2	55.421	344002348
2	55.421	344640401
2	55.421	344962575
2	55.421	346090335
2	55.421	346185251
2	55.421	347318030
2	55.421	347416840
2	55.421	347578691
2	55.421	348051187
2	55.421	348226649
2	55.421	351636038
2	55.421	352365027
2	55.421	353493471
2	55.421	357749024
2	55.421	360425262
2	55.421	360520148
2	55.421	360527100
2	55.421	360575117
2	55.421	363073172
2	55.421	363155226
2	55.421	363962284
2	55.421	364055861
2	55.421	364640230
2	55.421	368283316
2	55.421	369551619
2	55.421	370311296
2	55.421	370379692
2	55.421	371257196
2	55.421	371297700
2	55.421	371551178
2	55.421	371621018
2	55.421	371817583
2	55.421	372634859
2	55.421	372957517
2	55.421	373053345
2	55.421	373564680
2	55.421	373604201
2	55.421	377382621
2	55.421	377423215
2	55.421	377756459
2	55.421	378101369
2	55.421	378153247
2	58.962	383152844
2	58.962	383251012
2	58.962	384860852
2	58.962	386244134
2	58.962	386304439
2	58.962	390979780
2	58.962	391253949
2	58.962	394783254
2	58.962	395186298
2	58.962	397600320
2	58.962	397613194
2	58.962	399335983
2	58.962	399675881
2	58.962	402395198
2	58.962	402899920
2	58.962	404106081
2	58.962	405393778
2	65.871	405851640
2	65.871	409116142
2	65.871	410264667
2	65.871	410625808
2	65.871	412505375
2	65.871	413368642
2	65.871	413457790
2	65.871	417938530
2	65.871	418207314
2	65.871	418711970
2	65.871	418789809
2	65.871	418972766
2	65.871	419126251
2	65.871	419529535
2	65.871	419556894
2	65.871	419594352
2	65.871	419602672
2	65.871	419605653
2	65.871	419647937
2	65.871	419654448
2	65.871	419674221
2	65.871	419850172
2	65.871	420016663
2	65.871	420054427
2	65.871	422400102
2	65.871	422653563
2	65.871	424421792
2	65.871	424633185
2	65.871	424767333
2	65.871	424821809
2	65.871	424872136
2	65.871	424957511
2	65.871	424966461
2	65.871	425002978
2	65.871	425183364
2	65.871	425612354
2	65.871	425631087
2	65.871	425680613
2	65.871	425741009
2	65.871	425887666
2	65.871	425959178
2	65.871	426347558
2	65.871	426443995
2	65.871	426528634
2	65.871	426623351
2	65.871	426695910
2	4.47	426862145
2	65.871	426921155
2	65.871	427365250
2	65.871	427972580
2	65.871	428674349
2	65.871	429299736
2	65.871	430293726
2	65.871	430865015
2	65.871	432490757
2	65.871	432992213
2	65.871	433503354
2	65.871	433561924
2	65.871	433583905
2	65.871	434744294
2	70.322	436148918
2	70.322	436303662
2	70.322	436628621
2	70.322	437265406
2	70.322	437354289
2	70.322	437381920
2	70.322	437602682
2	70.322	437662854
2	70.322	438073966
2	70.322	438280881
2	70.322	439509534
2	73.499	447697090
2	73.499	448161579
2	73.499	448540995
2	73.499	448948662
2	73.499	449026024
2	73.499	449098075
2	73.499	449555279
2	73.499	450064369
2	73.499	450121555
2	73.499	450181059
2	73.499	450444498
2	73.499	450571195
2	73.499	450630708
2	73.499	450714184
2	73.499	451344557
2	73.499	451527651
2	73.499	451607780
2	73.499	451748718
2	73.499	452172603
2	73.499	455748459
2	73.499	456071985
2	73.499	456302913
2	73.499	456414749
2	73.499	456751011
2	73.499	456767891
2	73.499	456798608
2	73.499	456826067
2	73.499	457053402
2	73.499	457202874
2	73.499	457220288
2	73.499	457292942
2	73.499	457351924
2	73.499	457544947
2	73.499	457631259
2	73.499	457771065
2	73.499	458072849
2	73.499	458128119
2	73.499	458201234
2	73.499	458315123
2	73.499	458358253
2	73.499	458417873
2	73.499	458539251
2	73.499	458872365
2	73.499	459557559
2	73.499	459589505
2	73.499	459679106
2	73.499	459773800
2	73.499	459818784
2	73.499	459966377
2	73.499	460091609
2	73.499	460427124
2	73.499	460476130
2	73.499	460666198
2	73.499	460742826
2	73.499	460847154
2	73.499	460932340
2	73.499	461380071
2	73.499	461607608
2	73.499	462067224
2	73.499	462304143
2	73.499	462480605
2	73.499	462603677
2	73.499	462818608
2	73.499	463296959
2	73.499	463748268
2	73.499	463877645
2	73.499	469657761
2	73.499	469811046
2	73.499	470004139
2	73.499	470564041
2	70.322	470732823
2	73.499	470863866
2	73.499	470902744
2	76.676	470920004
2	76.676	471351189
2	76.676	471409167
2	76.676	471452145
2	76.676	471507357
2	76.676	471683740
2	76.676	471833007
2	76.676	472084041
2	76.676	472160581
2	76.676	472297218
2	76.676	472392278
2	76.676	472843870
2	76.676	473306094
2	76.676	473426654
2	76.676	473672807
2	79.537	473972651
2	79.537	474262048
2	79.537	474447678
2	79.537	474724341
2	79.537	474868290
2	79.537	475010813
2	79.537	475220065
2	79.537	475311057
2	79.537	476007736
2	82.397	478053547
2	85.257	479912750
2	85.257	480836405
2	85.257	482024644
2	85.257	482262201
2	85.257	482409575
2	85.257	483072999
2	85.257	483339609
2	85.257	483685947
2	85.257	485172417
2	85.257	486703992
2	85.257	487215666
2	85.257	487242871
2	85.257	487401865
2	85.257	487513027
2	85.257	487647247
2	85.257	487750724
2	85.257	487830912
2	85.257	487930478
2	85.257	488191551
2	85.257	488394662
2	85.257	488427646
2	85.257	489042747
2	85.257	489351390
2	85.257	489680278
2	85.257	489759374
2	85.257	489992934
2	85.257	490055253
2	85.257	490134736
2	85.257	490311763
2	85.257	490365931
2	85.257	490710358
2	85.257	490801946
2	85.257	490882930
2	85.257	492670714
2	85.257	492749553
2	85.257	492780883
2	85.257	493111656
2	90.996	496452041
2	90.996	497339953
2	90.996	497624290
2	90.996	499888746
2	90.996	500133960
2	90.996	500381514
2	90.996	501135935
2	90.996	502703771
2	90.996	503411623
2	90.996	503924146
2	90.996	504060041
2	90.996	504682867
2	90.996	505112811
2	90.996	505311628
2	90.996	505912814
2	90.996	506234816
3	0	17442225
3	0	17975369
3	0	18051955
3	0	18110099
3	0	18239010
3	0	18610210
3	0	18931284
3	0	19009865
3	0	19128850
3	0	19275385
3	0	19438108
3	0	20364238
3	0	21628062
3	0	22104603
3	0	22561638
3	0	23370218
3	0	23485193
3	8.823	23804751
3	8.823	24299041
3	8.823	24692003
3	8.823	24993959
3	5.829	25220501
3	5.829	25453006
3	5.829	25635987
3	5.829	25960194
3	5.829	30735280
3	5.829	31203208
3	5.829	31707240
3	5.829	32071730
3	5.829	32384641
3	8.823	36415820
3	8.823	36731525
3	8.823	36842267
3	8.823	37978201
3	8.823	38738589
3	8.823	38879728
3	8.823	38889048
3	8.823	38953519
3	8.823	39280076
3	8.823	39579759
3	8.823	39771374
3	8.823	39802447
3	8.823	40309208
3	8.823	40406983
3	8.823	40531712
3	8.823	40824838
3	11.818	41103695
3	11.818	41219261
3	11.818	41275886
3	11.818	41701081
3	11.818	42230025
3	11.818	42501025
3	11.818	42566528
3	11.818	43000242
3	11.818	43015926
3	11.818	43128365
3	14.678	43173822
3	14.678	43350684
3	14.678	44178346
3	14.678	44267153
3	14.678	44857518
3	17.538	45240258
3	17.538	45345073
3	17.538	45470045
3	17.538	45547446
3	17.538	46027326
3	17.538	46256453
3	17.538	46312155
3	17.538	46532690
3	17.538	46696878
3	17.538	46929195
3	17.538	47052125
3	17.538	47190093
3	17.538	47309718
3	17.538	47422029
3	20.398	49001566
3	20.398	49189700
3	20.398	49350829
3	20.398	49464784
3	20.398	49605279
3	20.398	49650786
3	20.398	49774129
3	20.398	49909061
3	20.398	49989607
3	20.398	50089518
3	20.398	50283586
3	20.398	51269616
3	20.398	52194139
3	20.398	53427761
3	20.398	53509046
3	20.398	53697348
3	20.398	53818978
3	20.398	54446289
3	20.398	54839995
3	20.398	54902823
3	20.398	55118281
3	20.398	55473822
3	20.398	55880249
3	20.398	56057987
3	23.259	56783456
3	26.119	57774346
3	26.119	57853607
3	26.119	58022179
3	26.119	59349621
3	26.119	59622957
3	28.979	63300608
3	28.979	65134058
3	28.979	65908027
3	28.979	65998548
3	28.979	66372853
3	28.979	66449075
3	28.979	66714885
3	28.979	66864465
3	28.979	67481358
3	28.979	67650224
3	28.979	67744781
3	28.979	67782452
3	28.979	68285037
3	28.979	73072415
3	28.979	73143759
3	28.979	73573120
3	28.979	78188008
3	28.979	78954421
3	28.979	80542149
3	28.979	81013013
3	28.979	81170566
3	33.231	92634656
3	33.231	92801376
3	33.231	92884677
3	33.231	92968779
3	33.231	93067798
3	33.231	93586017
3	33.231	94157484
3	33.231	95081595
3	33.231	96070656
3	33.231	96817005
3	33.231	99522207
3	33.231	99908338
3	33.231	104774923
3	33.231	104857542
3	33.231	109725819
3	33.231	110465135
3	33.231	110833653
3	33.231	118083165
3	33.231	118482605
3	33.231	118541881
3	33.231	118576317
3	33.231	118662003
3	33.231	118683643
3	33.231	118766743
3	33.231	118885067
3	33.231	118905748
3	33.231	119883034
3	33.231	120576449
3	33.231	120802991
3	33.231	120900494
3	33.231	121507493
3	33.231	121707043
3	33.231	121957496
3	33.231	122358050
3	33.231	122489355
3	33.231	122734813
3	33.231	122849727
3	33.231	124369843
3	33.231	124665605
3	33.231	126390198
3	33.231	126495659
3	33.231	126867211
3	33.231	127047573
3	33.231	127180592
3	33.231	127197749
3	33.231	127270440
3	33.231	127570533
3	33.231	127839520
3	33.231	128260952
3	33.231	128295222
3	33.231	128377902
3	33.231	128829618
3	33.231	128956501
3	33.231	129712607
3	33.231	129773566
3	33.231	129906046
3	33.231	130456120
3	33.231	130505563
3	33.231	130628268
3	33.231	130877851
3	33.231	130902471
3	33.231	130969980
3	33.231	131201960
3	33.231	132110378
3	33.231	132236723
3	33.231	132419926
3	33.231	133083125
3	33.231	133380131
3	33.231	133441349
3	33.231	134139773
3	33.231	134859190
3	33.231	135744142
3	33.231	137000832
3	33.231	137152728
3	33.231	137764218
3	33.231	137781102
3	33.231	137996147
3	33.231	138295513
3	33.231	138315315
3	33.231	138325997
3	33.231	138550614
3	33.231	138846963
3	33.231	139606650
3	33.231	139783764
3	33.231	139884861
3	33.231	140506701
3	33.231	140578956
3	33.231	140799772
3	33.231	142741820
3	33.231	144258275
3	33.231	147580323
3	33.231	147915038
3	33.231	148088630
3	33.231	149842931
3	33.231	150418222
3	33.231	151268111
3	33.231	151702489
3	33.231	152827784
3	33.231	154589728
3	33.231	155008516
3	33.231	155037746
3	33.231	155723494
3	33.231	158159693
3	33.231	160267086
3	33.231	160532828
3	33.231	163436660
3	33.231	163689204
3	33.231	163855775
3	33.231	167246682
3	33.231	167333099
3	33.231	167604252
3	33.231	168877864
3	33.231	169007533
3	33.231	169224498
3	33.231	169250379
3	33.231	169656015
3	33.231	169742331
3	33.231	169867420
3	33.231	170000884
3	33.231	173882891
3	33.231	177796461
3	33.231	178115631
3	33.231	179224298
3	33.231	179995587
3	33.231	180691644
3	33.231	180907859
3	33.231	181978595
3	33.231	182003825
3	33.231	182250747
3	33.231	182378621
3	33.231	183222629
3	33.231	183501040
3	33.231	186392374
3	33.231	186463848
3	33.231	186515789
3	33.231	186712582
3	33.231	187128510
3	33.231	187542209
3	33.231	187706925
3	33.231	187756131
3	33.231	190385507
3	33.231	190929533
3	33.231	191503989
3	33.231	191589464
3	33.231	192227761
3	33.231	193287140
3	33.231	193552907
3	33.231	195070063
3	33.231	196449999
3	33.231	196820184
3	33.231	196872829
3	33.231	197923437
3	33.231	197966689
3	33.231	198243408
3	33.231	198390626
3	33.231	206603299
3	33.231	206800633
3	33.231	207010641
3	33.231	207401776
3	33.231	207520331
3	33.231	207695936
3	33.231	207825565
3	33.231	209531650
3	33.231	209718388
3	33.231	216048235
3	33.231	216636875
3	33.231	216675247
3	33.231	220407618
3	33.231	220465643
3	33.231	221251432
3	33.231	221391254
3	33.231	221465629
3	33.231	221749470
3	33.231	221822184
3	33.231	222116367
3	33.231	222683548
3	33.231	222818836
3	33.231	223128697
3	33.231	223154081
3	33.231	223190369
3	33.231	223411511
3	33.231	223520100
3	33.231	224056867
3	33.231	231085071
3	33.231	233366146
3	33.231	237411655
3	33.231	237759249
3	33.231	240670356
3	33.231	240792049
3	33.231	240978281
3	33.231	242177503
3	33.231	242292979
3	33.231	242658697
3	33.231	242849460
3	33.231	244036944
3	33.231	244918163
3	33.231	245154428
3	33.231	245957233
3	33.231	253029966
3	33.231	254871566
3	33.231	256433759
3	33.231	256595201
3	33.231	256745086
3	33.231	257216863
3	33.231	257803317
3	33.231	259018076
3	33.231	259374858
3	33.231	259483398
3	33.231	259811655
3	33.231	259816121
3	33.231	260379640
3	33.231	260608766
3	33.231	261012408
3	33.231	261243718
3	33.231	261440325
3	33.231	261607511
3	33.231	262183447
3	33.231	262393702
3	33.231	262728882
3	33.231	262946346
3	33.231	263100208
3	33.231	263182156
3	33.231	263282233
3	33.231	263806115
3	33.231	263855932
3	33.231	264113880
3	33.231	264662711
3	33.231	264769833
3	37.92	265154182
3	37.92	265438079
3	37.92	266072386
3	37.92	266487279
3	37.92	267315934
3	37.92	268101962
3	40.78	268857437
3	40.78	269492751
3	40.78	269605748
3	40.78	269773097
3	40.78	270560921
3	40.78	270599620
3	40.78	270868993
3	40.78	270963819
3	40.78	270976875
3	40.78	271107484
3	40.78	271276491
3	40.78	271363659
3	40.78	271613842
3	40.78	272653665
3	40.78	272812015
3	40.78	272934685
3	40.78	273916869
3	40.78	275386382
3	40.78	275703589
3	40.78	277457659
3	40.78	277533028
3	40.78	278100832
3	40.78	278945265
3	40.78	279768954
3	40.78	279909382
3	40.78	279912998
3	40.78	280467445
3	40.78	280628359
3	40.78	280747377
3	40.78	280889308
3	40.78	281004521
3	40.78	281038701
3	40.78	281197840
3	40.78	281973643
3	40.78	283278646
3	40.78	283478560
3	40.78	283599028
3	40.78	284294601
3	40.78	284502441
3	40.78	286709454
3	43.641	287601586
3	43.641	288902466
3	43.641	289137850
3	43.641	289345036
3	43.641	289520168
3	43.641	290962088
3	43.641	291712081
3	43.641	292235485
3	43.641	292795545
3	43.641	293250358
3	43.641	293967324
3	43.641	293999810
3	43.641	294038278
3	43.641	295088488
3	46.501	296120540
3	46.501	296341404
3	49.361	306132480
3	49.361	306221593
3	55.101	318791399
3	55.101	318818856
3	55.101	319087329
3	55.101	319713133
3	55.101	319829650
3	55.101	319989323
3	55.101	320248740
3	57.985	332217765
3	57.985	332667092
3	57.985	333078857
3	57.985	334247433
3	57.985	336033945
3	57.985	336205671
3	57.985	336258494
3	57.985	339226907
3	57.985	339735193
3	57.985	339928614
3	57.985	340062086
3	57.985	341027051
3	57.985	341292301
3	57.985	341412877
3	60.87	346850203
3	60.87	346946782
3	60.87	347225415
3	60.87	347428931
3	60.87	347581175
3	60.87	347685400
3	60.87	348370397
3	60.87	348483249
3	60.87	348511742
3	60.87	348627117
3	60.87	348739388
3	60.87	348836156
3	60.87	348876200
3	60.87	348935041
3	60.87	349832595
3	60.87	350302577
3	60.87	350608991
3	60.87	350713342
3	60.87	350875787
3	60.87	351007211
3	60.87	351015782
3	60.87	351142424
3	60.87	351539041
3	60.87	351701233
3	60.87	351932928
3	60.87	352134171
3	60.87	352451081
3	60.87	362154246
3	60.87	362428604
3	60.87	362566398
3	60.87	362597898
3	60.87	362826841
3	52.532	363872882
3	60.87	365453413
3	60.87	365476005
3	60.87	365501593
3	60.87	365814634
3	60.87	366071115
3	60.87	366430834
3	60.87	366443357
3	60.87	366742367
3	60.87	367201420
3	60.87	367365711
3	60.87	367936175
3	60.87	371692796
3	60.87	371712013
3	60.87	372929011
3	60.87	373680698
3	60.87	374122739
3	60.87	374483558
3	60.87	374572384
3	60.87	375061862
3	60.87	375302072
3	60.87	375435458
3	60.87	375622151
3	60.87	376038763
3	60.87	376353210
3	60.87	376444286
3	60.87	376737482
3	60.87	376888225
3	60.87	377083657
3	60.87	377166729
3	60.87	377864949
3	60.87	378446661
3	60.87	378540190
3	63.73	379068675
3	63.73	379386753
3	63.73	380089531
3	63.73	380156543
3	63.73	380521262
3	63.73	380620119
3	63.73	380726010
3	63.73	381263819
3	63.73	381483218
3	63.73	381615445
3	63.73	381980343
3	63.73	382130207
3	63.73	384027210
3	66.591	385354034
3	66.591	386613848
3	66.591	386891852
3	66.591	387126801
3	66.591	387457896
3	66.591	387588160
3	66.591	387630306
3	66.591	387709083
3	66.591	387889585
3	66.591	388203876
3	69.452	388711258
3	69.452	388885830
3	69.452	389987380
3	69.452	390095541
3	69.452	390291754
3	69.452	390565680
3	69.452	390659063
3	69.452	390802922
3	69.452	390991388
3	69.452	391025570
3	69.452	392354506
3	69.452	392774131
3	69.452	393588263
3	69.452	394073307
3	69.452	394143166
3	69.452	394466237
3	69.452	394588119
3	69.452	394848547
3	69.452	395030026
3	69.452	395073831
3	69.452	395139454
3	69.452	395262234
3	69.452	395488461
3	69.452	395965758
3	69.452	396128498
3	69.452	396169838
3	69.452	396289183
3	69.452	398066010
3	69.452	398719511
3	79.713	404890231
3	79.713	405226480
3	79.713	405703328
3	79.713	405848207
3	79.713	405898324
3	79.713	406111288
3	79.713	406542176
3	79.713	407055745
3	83.889	407133441
3	83.889	407344924
3	83.889	407842077
3	83.889	408169680
3	86.75	408618600
3	86.75	409073593
3	86.75	409418850
3	86.75	409845165
3	86.75	410029012
3	86.75	410489543
3	86.75	410873583
3	86.75	411200214
3	86.75	411344875
3	86.75	411587544
3	86.75	412135068
3	86.75	412472156
3	86.75	412860318
3	86.75	413053752
3	86.75	413226668
3	90.093	413489882
3	90.093	414058338
3	90.093	414194750
