"gene.(FB.ID)"	"symbol"	"chr"	"cm"	"mb"
"FBgn0002121"	"l(2)gl"	"2L"	0	0.0156075
"FBgn0002931"	"net"	"2L"	0	0.084904
"FBgn0005278"	"Sam-S"	"2L"	0	0.1106675
"FBgn0001142"	"Gs1"	"2L"	0	0.1332745
"FBgn0266557"	"kis"	"2L"	0	0.230779
"FBgn0086912"	"mbm"	"2L"	0	0.2728135
"FBgn0003444"	"smo"	"2L"	0.4	0.2798745
"FBgn0000061"	"al"	"2L"	0.4	0.3827755
"FBgn0002593"	"RpLP1"	"2L"	0	0.420408
"FBgn0004583"	"ex"	"2L"	0.1	0.439964
"FBgn0003963"	"ush"	"2L"	0.1	0.50839
"FBgn0000497"	"ds"	"2L"	0.3	0.677498
"FBgn0002936"	"ninaA"	"2L"	1.4	0.877786
"FBgn0002563"	"Lsp1beta"	"2L"	1.9	0.899908
"FBgn0003310"	"S"	"2L"	1.3	1.0637445
"FBgn0002543"	"robo2"	"2L"	3	1.4002695
"FBgn0000097"	"aop"	"2L"	12	2.167619
"FBgn0262126"	"Sec24CD"	"2L"	68	2.233975
"FBgn0000490"	"dpp"	"2L"	4	2.4440975
"FBgn0283531"	"Cy"	"2L"	6.1	2.823109
"FBgn0010263"	"Rbp9"	"2L"	5	2.961598
"FBgn0002989"	"okr"	"2L"	1	2.9911765
"FBgn0011648"	"Mad"	"2L"	7.7	3.1528495
"FBgn0005616"	"msl-2"	"2L"	9	3.464165
"FBgn0002985"	"odd"	"2L"	8	3.60549
"FBgn0000721"	"for"	"2L"	10	3.6395135
"FBgn0004893"	"bowl"	"2L"	16	3.7779105
"FBgn0003430"	"slp1"	"2L"	8	3.826387
"FBgn0004567"	"slp2"	"2L"	8	3.8380125
"FBgn0000256"	"capu"	"2L"	8	3.887753
"FBgn0000547"	"ed"	"2L"	11	4.073563
"FBgn0001075"	"ft"	"2L"	12	4.2101
"FBgn0261606"	"RpL27A"	"2L"	12.9	4.457775
"FBgn0011603"	"ine"	"2L"	12	4.472511
"FBgn0053196"	"dpy"	"2L"	13	4.545881
"FBgn0003372"	"Sgs1"	"2L"	13.9	4.939416
"FBgn0031653"	"Jon25Biii"	"2L"	13	4.950354
"FBgn0031654"	"Jon25Bii"	"2L"	13	4.9526895
"FBgn0261608"	"RpL37A"	"2L"	15	5.071506
"FBgn0003716"	"tkv"	"2L"	16	5.245192
"FBgn0016076"	"vri"	"2L"	17	5.3000835
"FBgn0261963"	"mid"	"2L"	16	5.4646245
"FBgn0086266"	"Vm26Ac"	"2L"	20	5.958318
"FBgn0086265"	"psd"	"2L"	20	5.964019
"FBgn0001941"	"ifc"	"2L"	20.6	5.987601
"FBgn0000052"	"ade2"	"2L"	17.7	6.0436155
"FBgn0259749"	"mmy"	"2L"	16	6.471221
"FBgn0086357"	"Sec61alpha"	"2L"	17	6.4788785
"FBgn0000320"	"eya"	"2L"	17	6.5372115
"FBgn0000392"	"cup"	"2L"	23	6.669222
"FBgn0000351"	"cort"	"2L"	49	6.6756585
"FBgn0263133"	"ico"	"2L"	22	7.221725
"FBgn0004009"	"wg"	"2L"	21.9	7.311712
"FBgn0267326"	"Ntl"	"2L"	24	7.7124355
"FBgn0003607"	"Su(var)205"	"2L"	31.1	8.210374
"FBgn0001084"	"fy"	"2L"	24.1	8.402378
"FBgn0001137"	"grk"	"2L"	30	8.432342
"FBgn0262029"	"d"	"2L"	31	8.477744
"FBgn0003209"	"raw"	"2L"	19	8.72527
"FBgn0010314"	"Cks30A"	"2L"	32	9.331372
"FBgn0000180"	"bib"	"2L"	34.7	9.9900915
"FBgn0000229"	"bsk"	"2L"	33	10.2490015
"FBgn0003751"	"trk"	"2L"	36	10.2718835
"FBgn0003087"	"pim"	"2L"	30	10.3635405
"FBgn0267821"	"da"	"2L"	41.3	10.3906665
"FBgn0262782"	"Mdh1"	"2L"	37.2	10.395053
"FBgn0003942"	"RpS27A"	"2L"	41.35	10.409404
"FBgn0005683"	"pie"	"2L"	43	10.4217025
"FBgn0000018"	"abo"	"2L"	44	10.974368
"FBgn0000146"	"aub"	"2L"	39	10.9996475
"FBgn0261983"	"l(2)gd1"	"2L"	41	11.108897
"FBgn0264442"	"ab"	"2L"	44	11.235879
"FBgn0261648"	"salm"	"2L"	44	11.4399625
"FBgn0003313"	"sala"	"2L"	44	11.485828
"FBgn0261266"	"zuc"	"2L"	45	11.9893085
"FBgn0003145"	"prd"	"2L"	45	12.084411
"FBgn0085424"	"nub"	"2L"	47	12.60788
"FBgn0000153"	"b"	"2L"	48.5	13.8226135
"FBgn0261514"	"NimA"	"2L"	48.7	13.96046
"FBgn0003255"	"rk"	"2L"	48.8	13.9919955
"FBgn0261529"	"ms(2)34Fe"	"2L"	49	14.3311445
"FBgn0261534"	"l(2)34Fc"	"2L"	49	14.3502665
"FBgn0261535"	"l(2)34Fd"	"2L"	49	14.3538395
"FBgn0004858"	"elB"	"2L"	50	14.4000885
"FBgn0264810"	"Pburs"	"2L"	50	14.41703
"FBgn0003016"	"osp"	"2L"	50.1	14.644268
"FBgn0000055"	"Adh"	"2L"	50.1	14.617227
"FBgn0000056"	"Adhr"	"2L"	50.1	14.617227
"FBgn0261881"	"l(2)35Be"	"2L"	50	15.007007
"FBgn0261882"	"l(2)35Bc"	"2L"	50	15.0091065
"FBgn0004837"	"Su(H)"	"2L"	50.5	15.041411
"FBgn0000317"	"ck"	"2L"	51	15.0514125
"FBgn0283467"	"Pol32"	"2L"	51	15.2555615
"FBgn0259982"	"l(2)35Cc"	"2L"	51	15.2571115
"FBgn0003448"	"sna"	"2L"	51	15.4774265
"FBgn0000182"	"BicC"	"2L"	51	16.045402
"FBgn0001086"	"fzy"	"2L"	51	16.3120265
"FBgn0000250"	"cact"	"2L"	52	16.3196215
"FBgn0000307"	"chif"	"2L"	53	16.347529
"FBgn0001185"	"her"	"2L"	52.9	16.678438
"FBgn0267347"	"squ"	"2L"	54	16.6808535
"FBgn0086907"	"Cyt-c-d"	"2L"	52	16.717763
"FBgn0260632"	"dl"	"2L"	52.9	17.443597
"FBgn0000183"	"BicD"	"2L"	52.91	17.46641
"FBgn0003187"	"qua"	"2L"	53	17.492007
"FBgn0015609"	"CadN"	"2L"	53.1	17.7126965
"FBgn0243486"	"rdo"	"2L"	53	18.041313
"FBgn0261597"	"RpS26"	"2L"	53	18.442306
"FBgn0003270"	"amos"	"2L"	53.6	18.5965285
"FBgn0005617"	"msl-1"	"2L"	20	18.68626
"FBgn0003896"	"tup"	"2L"	53.9	18.870384
"FBgn0001202"	"hook"	"2L"	53.9	19.032171
"FBgn0086442"	"mib2"	"2L"	53.9	19.0379925
"FBgn0002022"	"Catsup"	"2L"	53.9	19.042738
"FBgn0263198"	"Acn"	"2L"	53.9	19.047086
"FBgn0002021"	"l(2)37Bb"	"2L"	53.9	19.0507275
"FBgn0261396"	"Rpn3"	"2L"	53.9	19.0527355
"FBgn0002023"	"Lim3"	"2L"	53.9	19.0938415
"FBgn0000075"	"amd"	"2L"	53.9	19.112132
"FBgn0002036"	"CG10561"	"2L"	53.9	19.1154855
"FBgn0000422"	"Ddc"	"2L"	53.9	19.1183945
"FBgn0002031"	"l(2)37Cc"	"2L"	53.9	19.122607
"FBgn0086444"	"l(2)37Cb"	"2L"	53.9	19.125487
"FBgn0086445"	"l(2)37Cd"	"2L"	53.9	19.128293
"FBgn0086443"	"Aats-asn"	"2L"	53.9	19.1307115
"FBgn0086446"	"DCTN6-p27"	"2L"	53.9	19.13271
"FBgn0086447"	"l(2)37Cg"	"2L"	53.9	19.134128
"FBgn0003346"	"RanGAP"	"2L"	54	19.444638
"FBgn0002044"	"swm"	"2L"	54	19.4956145
"FBgn0003231"	"ref(2)P"	"2L"	54	19.544008
"FBgn0005672"	"spi"	"2L"	54	19.5726075
"FBgn0005590"	"scw"	"2L"	53	19.7001735
"FBgn0004811"	"fs(2)ltoPP43"	"2L"	51	19.794312
"FBgn0003978"	"vls"	"2L"	54	20.06497
"FBgn0003141"	"pr"	"2L"	54.5	20.0745885
"FBgn0004374"	"neb"	"2L"	54.5	20.0827275
"FBgn0003475"	"spir"	"2L"	54	20.3298025
"FBgn0086251"	"del"	"2L"	54	21.1468415
"FBgn0000239"	"bur"	"2L"	55.7	21.1769325
"FBgn0000370"	"crc"	"2L"	55	21.3151965
"FBgn0003866"	"tsh"	"2L"	55.8	21.832802
"FBgn0260798"	"Gprk1"	"2R"	55.1	4.3966775
"FBgn0040007"	"RpL38"	"2R"	55.1	4.515923
"FBgn0053554"	"Nipped-A"	"2R"	55.1	5.2144935
"FBgn0261403"	"sxc"	"2R"	55.3	5.3184215
"FBgn0267978"	"ap"	"2R"	55.2	5.7168635
"FBgn0002774"	"mle"	"2R"	55.2	5.9778175
"FBgn0011937"	"tRNA:N5:42Ag"	"2R"	55.2	6.1532225
"FBgn0011936"	"tRNA:N5:42Af"	"2R"	55.2	6.1535425
"FBgn0000473"	"Cyp6a2"	"2R"	57.5	6.78062
"FBgn0003090"	"pk"	"2R"	55.3	7.1870405
"FBgn0260991"	"Incenp"	"2R"	61	7.280131
"FBgn0003174"	"pwn"	"2R"	55.4	7.291689
"FBgn0000352"	"cos"	"2R"	57	7.3846455
"FBgn0003460"	"so"	"2R"	57.1	7.427111
"FBgn0004132"	"boca"	"2R"	57	7.5663055
"FBgn0000337"	"cn"	"2R"	57.5	7.783932
"FBgn0002891"	"mus205"	"2R"	54.9	7.7973345
"FBgn0003317"	"sax"	"2R"	57	7.8082755
"FBgn0003082"	"phr"	"2R"	56.8	7.826304
"FBgn0001285"	"Jon44E"	"2R"	58	8.692146
"FBgn0086784"	"stmA"	"2R"	56.8	8.731903
"FBgn0002552"	"lin"	"2R"	59	8.916379
"FBgn0265011"	"Np"	"2R"	58.7	8.999766
"FBgn0003612"	"Su(var)2-10"	"2R"	57.6	9.119061
"FBgn0002567"	"Rab32"	"2R"	59	9.182103
"FBgn0283510"	"Pal1"	"2R"	56.6	9.961701
"FBgn0001291"	"Jra"	"2R"	60	10.097518
"FBgn0003071"	"Pfk"	"2R"	85.2	10.1135985
"FBgn0265512"	"mlt"	"2R"	59	10.1574235
"FBgn0005619"	"Hdc"	"2R"	58.4	10.2420325
"FBgn0261862"	"whd"	"2R"	61	10.47402
"FBgn0024836"	"stan"	"2R"	62	10.6972415
"FBgn0005586"	"Rab3"	"2R"	43	10.725269
"FBgn0003396"	"shn"	"2R"	62	11.18824
"FBgn0003382"	"sha"	"2R"	62	11.3303885
"FBgn0010425"	"epsilonTry"	"2R"	60	11.3456515
"FBgn0001276"	"ix"	"2R"	60.5	11.3598
"FBgn0260499"	"qvr"	"2R"	62	11.4470545
"FBgn0000581"	"E(Pc)"	"2R"	61.9	11.4586565
"FBgn0000577"	"en"	"2R"	62	11.526108
"FBgn0010516"	"wal"	"2R"	59	11.689716
"FBgn0260932"	"cuff"	"2R"	61	11.886835
"FBgn0025454"	"Cyp6g1"	"2R"	64.5	12.187049
"FBgn0264560"	"garz"	"2R"	10.5	12.33011
"FBgn0033748"	"vis"	"2R"	65.5	12.5092555
"FBgn0033749"	"achi"	"2R"	65.5	12.513298
"FBgn0003527"	"stil"	"2R"	63	12.571125
"FBgn0003326"	"sca"	"2R"	66.7	12.7912755
"FBgn0000181"	"bic"	"2R"	64	12.8710215
"FBgn0003975"	"vg"	"2R"	67	12.8920085
"FBgn0005624"	"Psc"	"2R"	67	12.9734955
"FBgn0265623"	"Su(z)2"	"2R"	67	13.002206
"FBgn0259876"	"Cap-G"	"2R"	68	13.137981
"FBgn0013765"	"cnn"	"2R"	65	13.4448945
"FBgn0000119"	"arr"	"2R"	66	13.4684345
"FBgn0004638"	"drk"	"2R"	70	13.4990315
"FBgn0000633"	"fas"	"2R"	68	13.6862055
"FBgn0000662"	"fl(2)d"	"2R"	70.1	13.8220885
"FBgn0002643"	"mam"	"2R"	70.3	14.0257795
"FBgn0086895"	"pea"	"2R"	70	14.1551295
"FBgn0000289"	"cg"	"2R"	71.1	14.1782655
"FBgn0010241"	"Mdr50"	"2R"	50	14.2497815
"FBgn0261823"	"Asx"	"2R"	72	14.5082255
"FBgn0003742"	"tra2"	"2R"	70	14.6031705
"FBgn0001319"	"kn"	"2R"	72.3	14.7898555
"FBgn0264962"	"Pcf11"	"2R"	59	14.8660035
"FBgn0003328"	"scb"	"2R"	73	15.253641
"FBgn0004698"	"Xpc"	"2R"	69.1	15.3148745
"FBgn0264089"	"sli"	"2R"	77	15.8958065
"FBgn0001124"	"Got1"	"2R"	75	16.14014
"FBgn0004784"	"inaC"	"2R"	82	16.900055
"FBgn0086350"	"tef"	"2R"	80	17.0556905
"FBgn0000079"	"Amy-p"	"2R"	77.9	17.1194695
"FBgn0003545"	"sub"	"2R"	86	17.746789
"FBgn0259211"	"grh"	"2R"	86	17.821976
"FBgn0003701"	"thr"	"2R"	86	17.863618
"FBgn0283437"	"PPO1"	"2R"	80.6	17.8885965
"FBgn0003520"	"stau"	"2R"	83.5	18.1218375
"FBgn0003044"	"Pcl"	"2R"	84	18.137708
"FBgn0000057"	"adp"	"2R"	83.4	18.152882
"FBgn0000658"	"fj"	"2R"	81.5	18.234536
"FBgn0266420"	"Ote"	"2R"	86	18.276392
"FBgn0265356"	"tn"	"2R"	85.6	18.998144
"FBgn0000578"	"ena"	"2R"	87	19.1526685
"FBgn0010434"	"cora"	"2R"	86.9	19.236407
"FBgn0004003"	"wbl"	"2R"	86	19.250156
"FBgn0003254"	"rib"	"2R"	88	19.275737
"FBgn0002716"	"mei-W68"	"2R"	94	19.4578465
"FBgn0003435"	"sm"	"2R"	91.5	19.574686
"FBgn0005655"	"PCNA"	"2R"	92.3	20.2623185
"FBgn0003114"	"plu"	"2R"	88	20.263321
"FBgn0000615"	"exu"	"2R"	93	20.669255
"FBgn0000044"	"Act57B"	"2R"	94	20.945226
"FBgn0001133"	"grau"	"2R"	97	21.0108425
"FBgn0003391"	"shg"	"2R"	92	21.0534255
"FBgn0003162"	"Pu"	"2R"	97	21.1789615
"FBgn0000395"	"cv-2"	"2R"	96.2	21.3672395
"FBgn0000326"	"clt"	"2R"	96	21.61807
"FBgn0034646"	"Rae1"	"2R"	96.2	21.6593885
"FBgn0000008"	"a"	"2R"	99.2	22.154901
"FBgn0003175"	"px"	"2R"	100.5	22.528181
"FBgn0086408"	"stl"	"2R"	102	22.8119265
"FBgn0001263"	"inaD"	"2R"	101	22.857241
"FBgn0003900"	"twi"	"2R"	100	23.0168495
"FBgn0003009"	"ord"	"2R"	103.5	23.2733965
"FBgn0003977"	"vir"	"2R"	103.3	23.3632735
"FBgn0261786"	"mi"	"2R"	104.7	23.526058
"FBgn0000241"	"bw"	"2R"	104.5	23.533152
"FBgn0034877"	"levy"	"2R"	103	23.5486105
"FBgn0000562"	"egl"	"2R"	105	23.7408665
"FBgn0003401"	"shu"	"2R"	105	23.8423735
"FBgn0263006"	"SERCA"	"2R"	106	23.9304805
"FBgn0002791"	"mr"	"2R"	106.7	23.9739195
"FBgn0283509"	"Phm"	"2R"	106.7	23.986815
"FBgn0013764"	"Chi"	"2R"	106.8	24.0327405
"FBgn0003353"	"sei"	"2R"	106	24.050223
"FBgn0019643"	"Dat"	"2R"	107	24.1486625
"FBgn0004101"	"bs"	"2R"	107.3	24.359667
"FBgn0053537"	"tRNA:N5:60C"	"2R"	107	24.3740995
"FBgn0000157"	"Dll"	"2R"	107.8	24.8252445
"FBgn0002607"	"RpL19"	"2R"	108	24.968712
"FBgn0004055"	"uzip"	"2R"	107.6	25.0218995
"FBgn0001147"	"gsb-n"	"2R"	107.6	25.046357
"FBgn0001148"	"gsb"	"2R"	107.6	25.0633035
"FBgn0266129"	"lov"	"2R"	107.6	25.1127035
"FBgn0001325"	"Kr"	"2R"	107.6	25.2290025
"FBgn0002564"	"Lsp1gamma"	"3L"	1.4	0.0677125
"FBgn0262139"	"trh"	"3L"	1	0.3795785
"FBgn0001316"	"klar"	"3L"	0	0.4873485
"FBgn0000575"	"emc"	"3L"	0	0.751446
"FBgn0003295"	"ru"	"3L"	0	1.3790325
"FBgn0004635"	"rho"	"3L"	0.2	1.4663775
"FBgn0250789"	"alpha-Spec"	"3L"	2	1.7869065
"FBgn0011573"	"Cdc37"	"3L"	5	1.7963495
"FBgn0004636"	"Rap1"	"3L"	1.4	1.860677
"FBgn0000109"	"Aprt"	"3L"	1.49	1.884407
"FBgn0262624"	"Tmhs"	"3L"	1.4	1.8885595
"FBgn0000543"	"ecd"	"3L"	1.3	2.264719
"FBgn0262593"	"Shab"	"3L"	14	2.927298
"FBgn0004372"	"aly"	"3L"	4.4	3.025325
"FBgn0024194"	"rasp"	"3L"	4.3	3.163016
"FBgn0001233"	"Hsp83"	"3L"	5	3.195014
"FBgn0000449"	"dib"	"3L"	12	4.0634215
"FBgn0003710"	"tipE"	"3L"	13.5	4.1911435
"FBgn0261952"	"srw"	"3L"	15	4.283217
"FBgn0035617"	"l(3)psg2"	"3L"	25	5.5870295
"FBgn0003486"	"spo"	"3L"	19	5.591327
"FBgn0035627"	"Sse"	"3L"	26.6	5.6609735
"FBgn0283472"	"S6k"	"3L"	20	5.80424
"FBgn0003984"	"vn"	"3L"	16.2	5.829501
"FBgn0250815"	"Jon65Aiv"	"3L"	20	6.039645
"FBgn0035665"	"Jon65Aiii"	"3L"	20	6.0512235
"FBgn0035666"	"Jon65Aii"	"3L"	20	6.052768
"FBgn0035667"	"Jon65Ai"	"3L"	20	6.053968
"FBgn0002440"	"l(3)mbn"	"3L"	13.3	6.1263705
"FBgn0020637"	"Lcp65Ag2"	"3L"	11	6.1332915
"FBgn0020638"	"Lcp65Ag1"	"3L"	11	6.1349855
"FBgn0020643"	"Lcp65Ab2"	"3L"	11	6.1468815
"FBgn0020644"	"Lcp65Ab1"	"3L"	11	6.149754
"FBgn0263973"	"jv"	"3L"	19.2	6.576338
"FBgn0002926"	"ndl"	"3L"	17	6.598652
"FBgn0005626"	"ple"	"3L"	18	6.7164405
"FBgn0261445"	"sgl"	"3L"	22.2	6.962156
"FBgn0002775"	"msl-3"	"3L"	25.8	7.124373
"FBgn0016036"	"mei-P22"	"3L"	21.5	7.2448855
"FBgn0002909"	"mus312"	"3L"	18	7.3313015
"FBgn0019662"	"qm"	"3L"	23	7.3509675
"FBgn0268063"	"ltl"	"3L"	18.1	7.523505
"FBgn0001208"	"Hn"	"3L"	23	7.7618095
"FBgn0003041"	"pbl"	"3L"	26	7.9040315
"FBgn0002899"	"mus301"	"3L"	23	8.139911
"FBgn0035851"	"MED24"	"3L"	34	8.1939215
"FBgn0035886"	"Jon66Ci"	"3L"	26	8.3919585
"FBgn0035887"	"Jon66Cii"	"3L"	26	8.3932345
"FBgn0020224"	"Cbl"	"3L"	24.5	8.4286
"FBgn0010825"	"Gug"	"3L"	26	8.4612955
"FBgn0086348"	"se"	"3L"	26	8.5210205
"FBgn0001168"	"h"	"3L"	26.5	8.677506
"FBgn0263930"	"dally"	"3L"	31.9	8.8593485
"FBgn0000116"	"Argk"	"3L"	25.2	9.057404
"FBgn0004244"	"Rdl"	"3L"	24.7	9.1639935
"FBgn0005533"	"RpS17"	"3L"	28.9	9.429308
"FBgn0267348"	"LanB2"	"3L"	28	9.619447
"FBgn0261530"	"nbs"	"3L"	28	9.721804
"FBgn0263251"	"vnc"	"3L"	28	9.9731675
"FBgn0011569"	"can"	"3L"	31	10.26551
"FBgn0001179"	"hay"	"3L"	34.4	10.632524
"FBgn0000629"	"E(z)"	"3L"	34	10.6363525
"FBgn0263241"	"Mocs1"	"3L"	34.5	11.071937
"FBgn0020412"	"JIL-1"	"3L"	31.4	11.0859725
"FBgn0003378"	"Sgs8"	"3L"	35	11.5091805
"FBgn0003377"	"Sgs7"	"3L"	35	11.510054
"FBgn0003373"	"Sgs3"	"3L"	35	11.5128115
"FBgn0003292"	"rt"	"3L"	37	11.585946
"FBgn0002565"	"Lsp2"	"3L"	37	12.130631
"FBgn0000592"	"Est-6"	"3L"	35.9	12.1897615
"FBgn0000594"	"Est-P"	"3L"	35.9	12.1916305
"FBgn0260941"	"app"	"3L"	37.5	12.2365395
"FBgn0000625"	"eyg"	"3L"	37	12.465279
"FBgn0002466"	"sti"	"3L"	36.8	12.5114065
"FBgn0036341"	"Syx13"	"3L"	38.63	13.045664
"FBgn0086916"	"snky"	"3L"	40	13.1756295
"FBgn0002573"	"sens"	"3L"	40.5	13.3986765
"FBgn0260049"	"flr"	"3L"	38.8	13.414648
"FBgn0001108"	"DCTN1-p150"	"3L"	41.4	13.9320215
"FBgn0005592"	"btl"	"3L"	40.9	14.0795005
"FBgn0000411"	"D"	"3L"	40.7	14.177115
"FBgn0001085"	"fz"	"3L"	41.7	14.321491
"FBgn0003388"	"shd"	"3L"	41	14.6183315
"FBgn0259175"	"ome"	"3L"	36	14.7103535
"FBgn0001120"	"gnu"	"3L"	42.5	14.80287
"FBgn0000216"	"Brd"	"3L"	42	14.9729325
"FBgn0002778"	"mnd"	"3L"	47	14.9883835
"FBgn0087035"	"AGO2"	"3L"	42	15.5575775
"FBgn0261109"	"mrn"	"3L"	42.6	15.579653
"FBgn0263599"	"l(3)72Ab"	"3L"	43	15.964354
"FBgn0000212"	"brm"	"3L"	43	15.9764755
"FBgn0263600"	"DNApol-delta"	"3L"	43	15.9860685
"FBgn0259824"	"Hip14"	"3L"	43	15.99035
"FBgn0263601"	"mib1"	"3L"	43	16.009182
"FBgn0260635"	"Diap1"	"3L"	43.2	16.044722
"FBgn0263602"	"Tasp1"	"3L"	43	16.086373
"FBgn0263603"	"Zn72D"	"3L"	43	16.10961
"FBgn0010280"	"Taf4"	"3L"	47	16.1174315
"FBgn0266724"	"Trs20"	"3L"	43	16.1313165
"FBgn0263605"	"l(3)72Dn"	"3L"	43	16.2274315
"FBgn0263606"	"Hsc20"	"3L"	43	16.233646
"FBgn0263607"	"l(3)72Dp"	"3L"	43	16.2355695
"FBgn0261799"	"dsx-c73A"	"3L"	44	16.4373765
"FBgn0003515"	"st"	"3L"	44	16.4990555
"FBgn0003741"	"tra"	"3L"	45	16.5905545
"FBgn0002284"	"Prosbeta6"	"3L"	44.3	16.609909
"FBgn0004465"	"Su(P)"	"3L"	44	16.6114305
"FBgn0003410"	"sina"	"3L"	45.5	16.8562315
"FBgn0002901"	"mus304"	"3L"	46	18.1113305
"FBgn0000261"	"Cat"	"3L"	47	18.825396
"FBgn0002945"	"nkd"	"3L"	47	19.024595
"FBgn0040075"	"rept"	"3L"	55	19.2562255
"FBgn0003089"	"pip"	"3L"	47	19.318116
"FBgn0005386"	"ash1"	"3L"	46.6	19.594764
"FBgn0029094"	"asf1"	"3L"	46.2	19.619646
"FBgn0003744"	"trc"	"3L"	46	19.832584
"FBgn0001324"	"kto"	"3L"	46	19.840779
"FBgn0014037"	"Su(Tpl)"	"3L"	46.5	19.899265
"FBgn0020887"	"Su(z)12"	"3L"	49.5	19.920852
"FBgn0261574"	"kug"	"3L"	47	20.014954
"FBgn0005198"	"gig"	"3L"	46	20.1340955
"FBgn0260397"	"Su(var)3-3"	"3L"	46.6	20.2283155
"FBgn0003124"	"polo"	"3L"	46	20.31156
"FBgn0086915"	"Mst77F"	"3L"	46	20.817464
"FBgn0011591"	"fng"	"3L"	47	20.9377015
"FBgn0003415"	"skd"	"3L"	51	21.010124
"FBgn0026179"	"siz"	"3L"	51	21.0549895
"FBgn0021760"	"chb"	"3L"	46.6	21.1780655
"FBgn0002842"	"sa"	"3L"	44	21.4060815
"FBgn0283479"	"Alp1"	"3L"	47.3	21.443523
"FBgn0261953"	"TfAP-2"	"3L"	50.6	21.6000885
"FBgn0000560"	"eg"	"3L"	47.3	21.8131515
"FBgn0004414"	"msopa"	"3L"	47	22.0830435
"FBgn0011771"	"Hem"	"3L"	47	22.2862745
"FBgn0266585"	"tRNA:CR32456"	"3L"	47	22.843305
"FBgn0003882"	"tub"	"3R"	47	4.3887775
"FBgn0003002"	"opa"	"3R"	48	4.861396
"FBgn0010313"	"corto"	"3R"	47.1	5.0824255
"FBgn0259212"	"cno"	"3R"	49	5.19373
"FBgn0086695"	"hd"	"3R"	47	5.373777
"FBgn0001311"	"kkv"	"3R"	47.5	5.3854795
"FBgn0261004"	"asl"	"3R"	47.5	5.6048895
"FBgn0262125"	"Sec23"	"3R"	48.4	5.650847
"FBgn0266672"	"Sec8"	"3R"	48.8	5.7569645
"FBgn0262801"	"twr"	"3R"	47.5	6.658662
"FBgn0051481"	"pb"	"3R"	47.5	6.7249315
"FBgn0004054"	"zen2"	"3R"	47.5	6.7436355
"FBgn0004053"	"zen"	"3R"	47.5	6.753529
"FBgn0000166"	"bcd"	"3R"	48	6.757654
"FBgn0000439"	"Dfd"	"3R"	47.5	6.797132
"FBgn0003339"	"Scr"	"3R"	47.5	6.8365505
"FBgn0001077"	"ftz"	"3R"	47.5	6.865284
"FBgn0260642"	"Antp"	"3R"	47.5	6.9477405
"FBgn0261238"	"Alh"	"3R"	47.5	7.1093905
"FBgn0250732"	"gfzf"	"3R"	47.5	7.148424
"FBgn0086372"	"lap"	"3R"	45.6	7.1939675
"FBgn0001112"	"Gld"	"3R"	48	7.258883
"FBgn0267337"	"rn"	"3R"	47.6	7.291123
"FBgn0261393"	"alpha-Est5"	"3R"	47.7	7.534943
"FBgn0002542"	"lds"	"3R"	47.8	7.922461
"FBgn0000504"	"dsx"	"3R"	48.1	7.9458655
"FBgn0243512"	"puc"	"3R"	47.6	8.113813
"FBgn0001138"	"grn"	"3R"	47	8.164406
"FBgn0266916"	"Cenp-C"	"3R"	48	8.5666765
"FBgn0000447"	"Dhod"	"3R"	48	8.6521535
"FBgn0263231"	"bel"	"3R"	44.2	8.657868
"FBgn0086679"	"p"	"3R"	48	8.6657935
"FBgn0001180"	"hb"	"3R"	48	8.694401
"FBgn0262614"	"pyd"	"3R"	48.1	8.879482
"FBgn0053551"	"tRNA:R:85Cb"	"3R"	49	8.862969
"FBgn0003015"	"osk"	"3R"	48.4	8.9367605
"FBgn0002932"	"neur"	"3R"	48.5	9.0299095
"FBgn0003165"	"pum"	"3R"	48.5	9.1520125
"FBgn0003889"	"betaTub85D"	"3R"	48.5	9.4093325
"FBgn0003205"	"Ras85D"	"3R"	50	9.511814
"FBgn0000244"	"by"	"3R"	48.7	9.5306245
"FBgn0003334"	"Scm"	"3R"	48.5	9.635485
"FBgn0278604"	"dmt"	"3R"	49.5	9.7129085
"FBgn0002431"	"hyd"	"3R"	49	9.720119
"FBgn0261599"	"RpS29"	"3R"	49	9.778785
"FBgn0001321"	"knk"	"3R"	49.1	10.1240145
"FBgn0086359"	"Invadolysin"	"3R"	49	10.151901
"FBgn0037831"	"Cap-H2"	"3R"	49	10.764033
"FBgn0011768"	"Fdh"	"3R"	49.2	10.8716435
"FBgn0261808"	"cu"	"3R"	50	11.2031125
"FBgn0086472"	"RpS25"	"3R"	50	11.2156575
"FBgn0264694"	"mgr"	"3R"	51.3	11.4093335
"FBgn0003312"	"sad"	"3R"	51	11.8784945
"FBgn0000147"	"aurA"	"3R"	53	11.963975
"FBgn0261714"	"Cpn"	"3R"	51	12.1645365
"FBgn0003651"	"svp"	"3R"	54.2	12.280761
"FBgn0043043"	"Desat2"	"3R"	51.5	12.4370525
"FBgn0005671"	"Vha55"	"3R"	51.7	12.6257955
"FBgn0001296"	"kar"	"3R"	51.7	12.6857765
"FBgn0005355"	"Su(fu)"	"3R"	50.7	12.6906705
"FBgn0002905"	"mus308"	"3R"	51	12.708911
"FBgn0002719"	"Men"	"3R"	51.73	12.7177725
"FBgn0087021"	"Spc25"	"3R"	51.7	12.962497
"FBgn0003308"	"ry"	"3R"	52	13.035274
"FBgn0003450"	"snk"	"3R"	52.1	13.0414675
"FBgn0260962"	"pic"	"3R"	52.1	13.054485
"FBgn0004666"	"sim"	"3R"	52.2	13.0679395
"FBgn0000024"	"Ace"	"3R"	52.5	13.241234
"FBgn0003598"	"Su(var)3-7"	"3R"	50.9	13.267201
"FBgn0000046"	"Act87E"	"3R"	53	13.427179
"FBgn0004049"	"yrt"	"3R"	52	13.4319255
"FBgn0002937"	"ninaB"	"3R"	53.5	13.7018645
"FBgn0000454"	"Dip-B"	"3R"	53.6	13.783982
"FBgn0000576"	"ems"	"3R"	54	13.9032365
"FBgn0015270"	"Orc2"	"3R"	51.1	13.96598
"FBgn0264493"	"rdx"	"3R"	50.3	13.999559
"FBgn0003862"	"trx"	"3R"	54.2	14.2751305
"FBgn0003567"	"su(Hw)"	"3R"	54.8	14.306522
"FBgn0086901"	"cv-c"	"3R"	54.1	14.436698
"FBgn0003169"	"put"	"3R"	58	14.6223665
"FBgn0263929"	"jvl"	"3R"	56.7	14.768725
"FBgn0266599"	"Hsc70-4"	"3R"	56.5	15.2446505
"FBgn0263755"	"Su(var)3-9"	"3R"	56.4	15.261661
"FBgn0003721"	"Tm1"	"3R"	56.75	15.295075
"FBgn0004117"	"Tm2"	"3R"	54.2	15.312695
"FBgn0000533"	"ea"	"3R"	57	15.3295685
"FBgn0000047"	"Act88F"	"3R"	57.1	15.441073
"FBgn0267408"	"AOX1"	"3R"	57.1	15.5347145
"FBgn0000246"	"c(3)G"	"3R"	57.4	15.791026
"FBgn0003227"	"rec"	"3R"	57	15.8278255
"FBgn0003483"	"spn-E"	"3R"	62	15.840917
"FBgn0265048"	"cv-d"	"3R"	65	15.8490235
"FBgn0002783"	"mor"	"3R"	58.1	15.9705235
"FBgn0003507"	"srp"	"3R"	58	15.9951165
"FBgn0003117"	"pnr"	"3R"	58	16.0339375
"FBgn0003319"	"Sb"	"3R"	58.22	16.1307225
"FBgn0086370"	"sra"	"3R"	58.2	16.1922915
"FBgn0003513"	"ss"	"3R"	58.5	16.389062
"FBgn0003944"	"Ubx"	"3R"	58.8	16.6955245
"FBgn0000014"	"abd-A"	"3R"	58.8	16.8186315
"FBgn0000015"	"Abd-B"	"3R"	58.8	16.949724
"FBgn0014141"	"cher"	"3R"	60	17.108461
"FBgn0264291"	"Det"	"3R"	59.1	17.150061
"FBgn0000063"	"Mps1"	"3R"	61	17.6725495
"FBgn0261885"	"osa"	"3R"	60	17.703084
"FBgn0000477"	"DNaseII"	"3R"	61.8	18.020268
"FBgn0003499"	"sr"	"3R"	62	18.113193
"FBgn0261532"	"cdm"	"3R"	63	18.181377
"FBgn0262559"	"Mdh2"	"3R"	62.6	18.227557
"FBgn0004618"	"gl"	"3R"	63.1	18.3703325
"FBgn0000303"	"ChAT"	"3R"	64.6	18.7189225
"FBgn0002962"	"nos"	"3R"	66.2	19.15872
"FBgn0000463"	"Dl"	"3R"	66.2	19.314474
"FBgn0086613"	"Ino80"	"3R"	69.5	19.386074
"FBgn0260003"	"Dys"	"3R"	72.5	19.5291865
"FBgn0003011"	"ort"	"3R"	66.4	19.66171
"FBgn0002940"	"ninaE"	"3R"	66.4	19.8872305
"FBgn0021776"	"mira"	"3R"	67.7	19.9334595
"FBgn0270925"	"CG4836"	"3R"	65.3	20.01606
"FBgn0262582"	"cic"	"3R"	72.4	20.278356
"FBgn0001169"	"H"	"3R"	69.5	20.6254265
"FBgn0265606"	"Prosalpha4T1"	"3R"	68	20.748629
"FBgn0003257"	"r-l"	"3R"	70.4	21.071938
"FBgn0000527"	"e"	"3R"	70.7	21.233508
"FBgn0002781"	"mod(mdg4)"	"3R"	70.7	21.3641235
"FBgn0261279"	"lqfR"	"3R"	76.6	22.415176
"FBgn0260942"	"bond"	"3R"	75.5	22.553587
"FBgn0263863"	"mRpL45"	"3R"	76.6	22.619159
"FBgn0263986"	"cd"	"3R"	75.7	22.6964745
"FBgn0017590"	"klg"	"3R"	78.1	22.9305075
"FBgn0004644"	"hh"	"3R"	81.2	23.1350375
"FBgn0004395"	"unk"	"3R"	79.2	23.1537575
"FBgn0262975"	"cnc"	"3R"	81.2	23.2061455
"FBgn0003118"	"pnt"	"3R"	79	23.318199
"FBgn0002622"	"RpS3"	"3R"	79.7	23.3595095
"FBgn0263782"	"Hmgcr"	"3R"	80	23.742158
"FBgn0260634"	"eIF4G2"	"3R"	82.9	23.813761
"FBgn0001098"	"Gdh"	"3R"	81.7	23.9395295
"FBgn0011725"	"twin"	"3R"	81	24.209429
"FBgn0259685"	"crb"	"3R"	82	24.3048095
"FBgn0011785"	"BRWD3"	"3R"	79.8	24.3238095
"FBgn0263490"	"mld"	"3R"	84.5	24.604776
"FBgn0000139"	"ash2"	"3R"	78.6	24.6517505
"FBgn0003429"	"slo"	"3R"	86	24.687043
"FBgn0003719"	"tld"	"3R"	85	24.7516205
"FBgn0000140"	"asp"	"3R"	85.2	24.757181
"FBgn0045761"	"CHKov1"	"3R"	90	25.326236
"FBgn0039328"	"CHKov2"	"3R"	90	25.3303665
"FBgn0000206"	"boss"	"3R"	90.5	25.964471
"FBgn0002734"	"E(spl)mdelta-HLH"	"3R"	89.1	25.998127
"FBgn0002735"	"E(spl)mgamma-HLH"	"3R"	89.1	26.000306
"FBgn0002733"	"E(spl)mbeta-HLH"	"3R"	89.1	26.0055345
"FBgn0002732"	"E(spl)malpha-BFM"	"3R"	89.1	26.0112305
"FBgn0002578"	"Kaz-m1"	"3R"	89.1	26.015604
"FBgn0002592"	"E(spl)m2-BFM"	"3R"	89.1	26.016992
"FBgn0002609"	"E(spl)m3-HLH"	"3R"	89.1	26.022475
"FBgn0002629"	"E(spl)m4-BFM"	"3R"	89.1	26.0242
"FBgn0002631"	"E(spl)m5-HLH"	"3R"	89.1	26.0292945
"FBgn0002632"	"E(spl)m6-BFM"	"3R"	89.1	26.033479
"FBgn0002633"	"E(spl)m7-HLH"	"3R"	89.1	26.0375285
"FBgn0000591"	"E(spl)m8-HLH"	"3R"	89.1	26.040624
"FBgn0001139"	"gro"	"3R"	89.1	26.0458235
"FBgn0000064"	"Ald"	"3R"	91.5	26.25783
"FBgn0263118"	"tx"	"3R"	91	26.4448845
"FBgn0243586"	"Tb"	"3R"	90.6	26.6569855
"FBgn0262473"	"Tl"	"3R"	91	26.820722
"FBgn0002838"	"ms(3)K81"	"3R"	91.3	26.876207
"FBgn0003267"	"ro"	"3R"	91.1	26.878971
"FBgn0004510"	"Ets97D"	"3R"	91	26.9118305
"FBgn0003495"	"spz"	"3R"	92	27.06753
"FBgn0003482"	"spn-D"	"3R"	91	27.166419
"FBgn0010441"	"pll"	"3R"	92	27.2521565
"FBgn0002441"	"l(3)mbt"	"3R"	93.5	27.2697995
"FBgn0003330"	"Sce"	"3R"	92	27.68123
"FBgn0000659"	"fkh"	"3R"	95	28.58312
"FBgn0264324"	"spg"	"3R"	95	28.8578545
"FBgn0265998"	"Doa"	"3R"	99	28.905422
"FBgn0000492"	"Dr"	"3R"	99.2	29.560815
"FBgn0001297"	"kay"	"3R"	99	29.780054
"FBgn0262112"	"sro"	"3R"	100	29.795201
"FBgn0002924"	"ncd"	"3R"	100.7	29.8057085
"FBgn0000247"	"ca"	"3R"	100.7	29.810929
"FBgn0003357"	"Jon99Ciii"	"3R"	101	29.9228355
"FBgn0003356"	"Jon99Cii"	"3R"	101	29.9241845
"FBgn0003358"	"Jon99Ci"	"3R"	101	29.9257075
"FBgn0000032"	"Acph-1"	"3R"	101.1	29.9922775
"FBgn0003479"	"spn-A"	"3R"	96	30.0553665
"FBgn0086355"	"Tpi"	"3R"	101.3	30.13379
"FBgn0039777"	"Jon99Fii"	"3R"	101	30.487472
"FBgn0039778"	"Jon99Fi"	"3R"	101	30.489429
"FBgn0003720"	"tll"	"3R"	102	30.8533575
"FBgn0086704"	"stops"	"3R"	101	31.163631
"FBgn0086362"	"spn-F"	"3R"	100	31.255893
"FBgn0043900"	"pygo"	"3R"	102	31.578267
"FBgn0003268"	"rod"	"3R"	105.1	31.5845975
"FBgn0011655"	"Med"	"3R"	106	31.6132105
"FBgn0000150"	"awd"	"3R"	104.5	31.7456245
"FBgn0270927"	"betaGlu"	"3R"	99	31.7705705
"FBgn0005427"	"ewg"	"X"	0	0.2741135
"FBgn0004034"	"y"	"X"	0	0.358877
"FBgn0000022"	"ac"	"X"	0	0.370489
"FBgn0004170"	"sc"	"X"	0	0.3967785
"FBgn0002561"	"l(1)sc"	"X"	0	0.410269
"FBgn0000137"	"ase"	"X"	0	0.4619615
"FBgn0266572"	"ebo"	"X"	3.8	0.473799
"FBgn0004648"	"svr"	"X"	0	0.502759
"FBgn0260400"	"elav"	"X"	0	0.5162305
"FBgn0000108"	"Appl"	"X"	0	0.5547725
"FBgn0261930"	"vnd"	"X"	0	0.590136
"FBgn0002579"	"RpL36"	"X"	0	0.6289105
"FBgn0001341"	"l(1)1Bi"	"X"	0	0.631703
"FBgn0003575"	"su(sable)"	"X"	0	0.639825
"FBgn0086368"	"tw"	"X"	0.4	0.7864805
"FBgn0003638"	"su(w[a])"	"X"	0.1	1.0294095
"FBgn0004650"	"fs(1)N"	"X"	0	1.3259755
"FBgn0266284"	"Ns3"	"X"	0.4	1.463032
"FBgn0283451"	"br"	"X"	0.28	1.6200005
"FBgn0000482"	"dor"	"X"	0.4	1.6667515
"FBgn0001189"	"hfw"	"X"	0.4	1.671589
"FBgn0000117"	"arm"	"X"	1.2	1.8960235
"FBgn0261954"	"east"	"X"	0.16	2.0177535
"FBgn0000382"	"csw"	"X"	1	2.1049675
"FBgn0004860"	"ph-d"	"X"	0.5	2.1195065
"FBgn0004861"	"ph-p"	"X"	0.5	2.1322905
"FBgn0004655"	"wapl"	"X"	0.7	2.1544595
"FBgn0003116"	"pn"	"X"	0.8	2.1820635
"FBgn0003048"	"pcx"	"X"	0.9	2.2316705
"FBgn0001330"	"kz"	"X"	0.9	2.2399465
"FBgn0000810"	"fs(1)K10"	"X"	0.5	2.2440895
"FBgn0003079"	"Raf"	"X"	0.9	2.319668
"FBgn0001150"	"gt"	"X"	0.9	2.42804
"FBgn0003714"	"tko"	"X"	1	2.4431445
"FBgn0004050"	"z"	"X"	1	2.4491595
"FBgn0267911"	"trol"	"X"	1.04	2.507935
"FBgn0040066"	"wds"	"X"	1.2	2.5870985
"FBgn0001404"	"egh"	"X"	1.2	2.593807
"FBgn0011606"	"Klp3A"	"X"	0	2.601605
"FBgn0004643"	"Zw10"	"X"	1.2	2.6055105
"FBgn0011566"	"Smyd3"	"X"	1.2	2.607778
"FBgn0267350"	"PI4KIIIalpha"	"X"	1.3	2.629238
"FBgn0003371"	"sgg"	"X"	1.3	2.6567525
"FBgn0000092"	"CG2650"	"X"	1.2	2.693309
"FBgn0000928"	"fs(1)Yb"	"X"	1.8	2.722313
"FBgn0000520"	"dwg"	"X"	1.6	2.72887
"FBgn0000376"	"crm"	"X"	1.48	2.7365105
"FBgn0003996"	"w"	"X"	1.5	2.7935325
"FBgn0003285"	"rst"	"X"	2.2	2.9621165
"FBgn0004647"	"N"	"X"	3	3.1535455
"FBgn0000479"	"dnc"	"X"	3.9	3.2601035
"FBgn0003374"	"Sgs4"	"X"	3	3.2505645
"FBgn0262656"	"Myc"	"X"	4	3.382428
"FBgn0000542"	"ec"	"X"	5.5	3.8346595
"FBgn0000221"	"brn"	"X"	5.9	4.1050665
"FBgn0002707"	"mei-9"	"X"	6.5	4.3165155
"FBgn0262738"	"norpA"	"X"	6.5	4.344017
"FBgn0003210"	"rb"	"X"	7.5	4.5381305
"FBgn0003053"	"peb"	"X"	7	4.622385
"FBgn0003028"	"ovo"	"X"	10.2	5.059601
"FBgn0266098"	"rg"	"X"	11	5.1703115
"FBgn0003449"	"snf"	"X"	11.7	5.3098715
"FBgn0263987"	"spoon"	"X"	14	5.4166265
"FBgn0003747"	"Gr5a"	"X"	13.6	5.6815525
"FBgn0000394"	"cv"	"X"	13.7	5.691543
"FBgn0005390"	"fs(1)M3"	"X"	15	5.961227
"FBgn0003302"	"rux"	"X"	15	6.0367765
"FBgn0003514"	"sqh"	"X"	13	6.2241005
"FBgn0003655"	"swa"	"X"	15.9	6.364563
"FBgn0000524"	"dx"	"X"	17	6.536287
"FBgn0025815"	"Mcm6"	"X"	18.7	6.6757815
"FBgn0003390"	"shf"	"X"	17.9	6.775561
"FBgn0086693"	"iav"	"X"	18.8	6.816067
"FBgn0004646"	"ogre"	"X"	18.8	6.982469
"FBgn0261284"	"bou"	"X"	18.3	6.986837
"FBgn0000330"	"cm"	"X"	18.9	7.0100755
"FBgn0264270"	"Sxl"	"X"	19.2	7.0863015
"FBgn0004198"	"ct"	"X"	20	7.6440035
"FBgn0000427"	"dec-1"	"X"	20.7	7.8701915
"FBgn0261592"	"RpS6"	"X"	21	7.9004775
"FBgn0010292"	"bys"	"X"	20.45	7.9027615
"FBgn0003656"	"sws"	"X"	22	7.962528
"FBgn0003447"	"sn"	"X"	21	7.9753125
"FBgn0004656"	"fs(1)h"	"X"	21.65	8.049622
"FBgn0261873"	"sdt"	"X"	23	8.2095115
"FBgn0262976"	"lawc"	"X"	23	8.409833
"FBgn0000359"	"Cp36"	"X"	23.1	8.479921
"FBgn0003023"	"otu"	"X"	22.7	8.4872715
"FBgn0264975"	"Nrg"	"X"	23.6	8.5362715
"FBgn0004102"	"oc"	"X"	23.1	8.64042
"FBgn0261549"	"rdgA"	"X"	26.3	8.968272
"FBgn0086450"	"su(r)"	"X"	27.7	9.199314
"FBgn0086367"	"t"	"X"	27.5	9.220456
"FBgn0260789"	"mxc"	"X"	27.7	9.240134
"FBgn0010269"	"Dsor1"	"X"	27.6	9.2486895
"FBgn0002576"	"lz"	"X"	27.7	9.2941425
"FBgn0001186"	"Hex-A"	"X"	29.2	9.587744
"FBgn0000233"	"btd"	"X"	31	9.695872
"FBgn0005391"	"Yp2"	"X"	30	10.0517935
"FBgn0004045"	"Yp1"	"X"	30	10.0546545
"FBgn0263220"	"Hk"	"X"	30.5	10.248416
"FBgn0259170"	"alpha-Man-Ia"	"X"	30.1	10.296375
"FBgn0000711"	"flw"	"X"	31	10.3978885
"FBgn0001206"	"Hmr"	"X"	31.8	10.5933875
"FBgn0003360"	"sesB"	"X"	32.4	10.7839255
"FBgn0030241"	"feo"	"X"	32.88	10.8536575
"FBgn0003965"	"v"	"X"	33	10.9248015
"FBgn0003366"	"sev"	"X"	33.4	11.07887
"FBgn0015245"	"Hsp60"	"X"	33.51	11.110395
"FBgn0003411"	"sisA"	"X"	34.3	11.321968
"FBgn0001491"	"l(1)10Bb"	"X"	34.4	11.324801
"FBgn0000499"	"dsh"	"X"	34.5	11.3573025
"FBgn0004864"	"hop"	"X"	34.6	11.364514
"FBgn0001624"	"dlg1"	"X"	34.8	11.3897205
"FBgn0003277"	"RpII215"	"X"	35.66	11.566563
"FBgn0002948"	"nod"	"X"	36	11.583261
"FBgn0002723"	"Met"	"X"	35.4	11.618702
"FBgn0002577"	"m"	"X"	36.2	11.7618905
"FBgn0004511"	"dy"	"X"	36.2	11.7742765
"FBgn0260780"	"wisp"	"X"	37	11.8969315
"FBgn0263111"	"cac"	"X"	36.7	11.9581835
"FBgn0000808"	"gd"	"X"	36.8	11.986459
"FBgn0267001"	"Ten-a"	"X"	41	12.189456
"FBgn0265630"	"sno"	"X"	41.8	13.2035865
"FBgn0000346"	"comt"	"X"	40.1	13.2607545
"FBgn0004169"	"up"	"X"	43.5	13.598026
"FBgn0002878"	"mus101"	"X"	44.2	13.7246795
"FBgn0001087"	"g"	"X"	44.4	13.731741
"FBgn0001612"	"Grip91"	"X"	44.4	13.7406265
"FBgn0004047"	"Yp3"	"X"	44	13.7605465
"FBgn0003218"	"rdgB"	"X"	42.7	13.77112
"FBgn0000173"	"ben"	"X"	45	13.998075
"FBgn0004649"	"yl"	"X"	48	14.196586
"FBgn0002873"	"mud"	"X"	50	14.2531635
"FBgn0002917"	"na"	"X"	46.9	14.2718915
"FBgn0000535"	"eag"	"X"	50	14.982733
"FBgn0260006"	"drd"	"X"	33	15.131532
"FBgn0000028"	"acj6"	"X"	49.4	15.3646515
"FBgn0004391"	"shtd"	"X"	53.6	15.4589925
"FBgn0003463"	"sog"	"X"	53	15.6183585
"FBgn0003345"	"sd"	"X"	51.5	15.816026
"FBgn0003392"	"shi"	"X"	51.5	15.899416
"FBgn0003969"	"vap"	"X"	54.2	16.0028815
"FBgn0000459"	"disco"	"X"	53.1	16.213674
"FBgn0000536"	"eas"	"X"	53.5	16.281973
"FBgn0003416"	"sl"	"X"	53.5	16.3533985
"FBgn0086448"	"Gpi1"	"X"	53	16.360209
"FBgn0004367"	"mei-41"	"X"	54.2	16.395774
"FBgn0264255"	"para"	"X"	55	16.4940615
"FBgn0000152"	"Axs"	"X"	56	16.681992
"FBgn0001250"	"if"	"X"	55	16.7678115
"FBgn0002590"	"RpS5a"	"X"	56.6	17.145926
"FBgn0000163"	"baz"	"X"	56.7	17.1803555
"FBgn0262111"	"f"	"X"	56.7	17.256953
"FBgn0004854"	"B-H2"	"X"	56.7	17.319378
"FBgn0250788"	"beta-Spec"	"X"	55	17.6633715
"FBgn0000617"	"e(y)1"	"X"	57.9	17.8427545
"FBgn0259168"	"mnb"	"X"	58.2	17.8749595
"FBgn0003380"	"Sh"	"X"	57.6	17.993777
"FBgn0283476"	"Dhc16F"	"X"	59.1	18.0714775
"FBgn0283471"	"wupA"	"X"	57.69	18.111245
"FBgn0017418"	"ari-1"	"X"	57.6	18.134088
"FBgn0004957"	"por"	"X"	59	18.3786875
"FBgn0265598"	"Bx"	"X"	59.4	18.5441185
"FBgn0001079"	"fu"	"X"	59.5	18.6594795
"FBgn0004959"	"phm"	"X"	64	18.6870995
"FBgn0086778"	"nAChRalpha7"	"X"	62	19.337761
"FBgn0000257"	"car"	"X"	62.5	19.56771
"FBgn0261593"	"RpS10b"	"X"	62.7	19.5989185
"FBgn0087008"	"e(y)3"	"X"	62.2	19.6324585
"FBgn0004057"	"Zw"	"X"	62.9	19.6698025
"FBgn0003654"	"sw"	"X"	64	20.2321715
"FBgn0002641"	"mal"	"X"	64.8	20.4314425
"FBgn0003300"	"run"	"X"	65	20.6939955
"FBgn0000709"	"fliI"	"X"	65.8	21.3424145
"FBgn0266848"	"wap"	"X"	66	22.4534335
"FBgn0000719"	"fog"	"X"	65	22.8397555
"FBgn0003559"	"su(f)"	"X"	65.9	23.099101
